ℹ️ [2025-08-27T13:00:59.572Z][/api/chat][0elfjskh] session ready { currentSessionId: 'metzfocu85jhpg41hbs', prevLen: 1, newLen: 2 }
ℹ️ [2025-08-27T13:00:59.572Z][/api/chat][0elfjskh] orchestrator state {
  phase: 'main',
  mainIdx: 0,
  qNow: 'Could you tell me about your educational background - what did you study in college or university?',
  allowedActions: [
    'ASK_FOLLOWUP',
    'REQUEST_CLARIFY',
    'SUMMARIZE_QUESTION',
    'NEXT_QUESTION'
  ]
}
ℹ️ [2025-08-27T13:00:59.572Z][/api/chat][0elfjskh] prompt stats {
  sysPromptLen: 1574,
  messagesCount: 3,
  lastUserPreview: 'I studied Software Engineering'
}
ℹ️ [2025-08-27T13:01:01.743Z][/api/chat][0elfjskh] executor completed {
  ms: 2171,
  aiResponsePreview: '{\n' +
    '  "action": "ASK_FOLLOWUP",\n' +
    '  "question_id": "educational_background",\n' +
    `  "utterance": "That's great! Where did you study Software Engineering, and what drew you to that field in `
}
ℹ️ [2025-08-27T13:01:01.743Z][/api/chat][0elfjskh] executor parsed {
  action: 'ASK_FOLLOWUP',
  question_id: 'educational_background',
  utterance: "That's great! Where did you study Software Engineering, and what drew you to that field in the first place?",
  notes: [ 'Studied Software Engineering' ]
}
isFinalQuestionValue false
🔧 CORS: Origin allowed: https://privacy-demo-flame.vercel.app
🔧 Request: POST /api/chat from origin: https://privacy-demo-flame.vercel.app
🔧 CORS Headers: {
  origin: 'https://privacy-demo-flame.vercel.app',
  'access-control-request-method': undefined,
  'access-control-request-headers': undefined,
  'user-agent': 'Mozilla/5.0 (Windows NT 10.0; Win64; x64) AppleWebKit/537.36 (KHTML, like Gecko) Chrome/139.0.0.0 Safari/537.36'
}
ℹ️ [2025-08-27T13:01:06.614Z][/api/chat][pqdfmnbb] incoming params {
  hasMessage: true,
  step: 1,
  questionMode: true,
  isFinalQuestionFlag: false,
  followUpMode: true,
  currentQuestionProvided: true,
  predefinedCount: 0,
  sessionIdProvided: true,
  action: null
}
ℹ️ [2025-08-27T13:01:06.614Z][/api/chat][pqdfmnbb] session ready { currentSessionId: 'metzfocu85jhpg41hbs', prevLen: 2, newLen: 3 }
ℹ️ [2025-08-27T13:01:06.614Z][/api/chat][pqdfmnbb] orchestrator state {
  phase: 'main',
  mainIdx: 0,
  qNow: 'Could you tell me about your educational background - what did you study in college or university?',
  allowedActions: [
    'ASK_FOLLOWUP',
    'REQUEST_CLARIFY',
    'SUMMARIZE_QUESTION',
    'NEXT_QUESTION'
  ]
}
ℹ️ [2025-08-27T13:01:06.614Z][/api/chat][pqdfmnbb] prompt stats {
  sysPromptLen: 1574,
  messagesCount: 4,
  lastUserPreview: 'I studied Software Engineering'
}
🔧 CORS: Origin allowed: https://privacy-demo-flame.vercel.app
🔧 CORS: Origin allowed: https://privacy-demo-flame.vercel.app
🔧 Request: POST /api/prolific/start from origin: https://privacy-demo-flame.vercel.app
🔧 CORS Headers: {
  origin: 'https://privacy-demo-flame.vercel.app',
  'access-control-request-method': undefined,
  'access-control-request-headers': undefined,
  'user-agent': 'Mozilla/5.0 (Windows NT 10.0; Win64; x64) AppleWebKit/537.36 (KHTML, like Gecko) Chrome/139.0.0.0 Safari/537.36'
}
🔧 CORS: Origin allowed: https://privacy-demo-flame.vercel.app
🔧 CORS: Origin allowed: https://privacy-demo-flame.vercel.app
🔧 Request: POST /api/study/allocate from origin: https://privacy-demo-flame.vercel.app
🔧 CORS Headers: {
  origin: 'https://privacy-demo-flame.vercel.app',
  'access-control-request-method': undefined,
  'access-control-request-headers': undefined,
  'user-agent': 'Mozilla/5.0 (Windows NT 10.0; Win64; x64) AppleWebKit/537.36 (KHTML, like Gecko) Chrome/139.0.0.0 Safari/537.36'
}
🔍 Marking Q1_F2 as COVERED based on audit (2nd location)
Audit Result (Follow-up Coverage): {"question_id":"Could you tell me about your educational background - what did you study in college or university?","verdict":"REQUIRE_MORE","scores":null,"missing":["Q1_F1"],"notes":"Only the location follow-up has been explicitly asked. Timing and influential person have not been covered.","confidence":0.98,"followUpQuestions":["When did you start your degree and when did you finish?"],"coverage_map":[{"id":"Q1_F1","covered":false,"evidence":""},{"id":"Q1_F2","covered":true,"evidence":"Where did you study Software Engineering"},{"id":"Q1_F3","covered":false,"evidence":""}],"next_followup":{"id":"Q1_F1","prompt":"When did you start your degree and when did you finish?"},"shouldProceed":false,"reason":"Only the location follow-up has been explicitly asked. Timing and influential person have not been covered."}
🔍 Follow-up retrieval debug: {
  question: 'Could you tell me about your educational backgroun...',
  questionIndex: 0,
  followupsFound: 3,
  followupDetails: [
    { id: 'Q1_F1', prompt: 'When did you start your degree...' },
    { id: 'Q1_F2', prompt: 'Where is your college or unive...' },
    { id: 'Q1_F3', prompt: 'Who comes to mind as someone y...' }
  ]
}
[coverage] {
  q: 'Could you tell me about your educational backgroun...',
  questionIndex: 0,
  totalFollowups: 3,
  followupIds: [ 'Q1_F1', 'Q1_F2', 'Q1_F3' ],
  covered: [ 'Q1_F2' ],
  pending: [ 'Q1_F1', 'Q1_F3' ],
  verdict: 'REQUIRE_MORE',
  auditCoverageMap: [
    { id: 'Q1_F1', covered: false, evidence: '' },
    {
      id: 'Q1_F2',
      covered: true,
      evidence: 'Where did you study Software Engineering'
    },
    { id: 'Q1_F3', covered: false, evidence: '' }
  ]
}
ℹ️ [2025-08-27T13:01:09.588Z][/api/chat][pqdfmnbb] executor completed {
  ms: 2974,
  aiResponsePreview: '{\n' +
    '  "action": "ASK_FOLLOWUP",\n' +
    '  "question_id": "educational_background",\n' +
    `  "utterance": "That's great! Where did you study Software Engineering, and what drew you to that field in `
}
ℹ️ [2025-08-27T13:01:09.588Z][/api/chat][pqdfmnbb] executor parsed {
  action: 'ASK_FOLLOWUP',
  question_id: 'educational_background',
  utterance: "That's great! Where did you study Software Engineering, and what drew you to that field in the first place?",
  notes: [ 'Studied Software Engineering' ]
}
isFinalQuestionValue false
🔧 CORS: Origin allowed: https://privacy-demo-flame.vercel.app
🔧 CORS: Origin allowed: https://privacy-demo-flame.vercel.app
🔧 Request: POST /api/reset from origin: https://privacy-demo-flame.vercel.app
🔧 CORS Headers: {
  origin: 'https://privacy-demo-flame.vercel.app',
  'access-control-request-method': undefined,
  'access-control-request-headers': undefined,
  'user-agent': 'Mozilla/5.0 (Windows NT 10.0; Win64; x64) AppleWebKit/537.36 (KHTML, like Gecko) Chrome/139.0.0.0 Safari/537.36'
}
Reset all sessions
🔧 CORS: Origin allowed: https://privacy-demo-flame.vercel.app
🔧 Request: POST /api/prolific/start from origin: https://privacy-demo-flame.vercel.app
🔧 CORS Headers: {
  origin: 'https://privacy-demo-flame.vercel.app',
  'access-control-request-method': undefined,
  'access-control-request-headers': undefined,
  'user-agent': 'Mozilla/5.0 (Windows NT 10.0; Win64; x64) AppleWebKit/537.36 (KHTML, like Gecko) Chrome/139.0.0.0 Safari/537.36'
}
🔧 CORS: Origin allowed: https://privacy-demo-flame.vercel.app
🔧 Request: GET /api/predefined_questions/naive from origin: https://privacy-demo-flame.vercel.app
🔧 CORS Headers: {
  origin: 'https://privacy-demo-flame.vercel.app',
  'access-control-request-method': undefined,
  'access-control-request-headers': undefined,
  'user-agent': 'Mozilla/5.0 (Windows NT 10.0; Win64; x64) AppleWebKit/537.36 (KHTML, like Gecko) Chrome/139.0.0.0 Safari/537.36'
}
🔧 CORS: Origin allowed: https://privacy-demo-flame.vercel.app
🔧 Request: GET /api/config from origin: https://privacy-demo-flame.vercel.app
🔧 CORS Headers: {
  origin: 'https://privacy-demo-flame.vercel.app',
  'access-control-request-method': undefined,
  'access-control-request-headers': undefined,
  'user-agent': 'Mozilla/5.0 (Windows NT 10.0; Win64; x64) AppleWebKit/537.36 (KHTML, like Gecko) Chrome/139.0.0.0 Safari/537.36'
}
🔍 Clearing Q1_F2 as NOT COVERED based on audit (2nd location)
Audit Result (Follow-up Coverage): {"question_id":"Could you tell me about your educational background - what did you study in college or university?","verdict":"REQUIRE_MORE","scores":null,"missing":["Q1_F1"],"notes":"No explicit follow-up questions have been asked or answered yet; the assistant only asked about location, but not as a direct follow-up.","confidence":1,"followUpQuestions":["When did you start your degree and when did you finish?"],"coverage_map":[{"id":"Q1_F1","covered":false,"evidence":""},{"id":"Q1_F2","covered":false,"evidence":""},{"id":"Q1_F3","covered":false,"evidence":""}],"next_followup":{"id":"Q1_F1","prompt":"When did you start your degree and when did you finish?"},"shouldProceed":false,"reason":"No explicit follow-up questions have been asked or answered yet; the assistant only asked about location, but not as a direct follow-up."}
🔍 Follow-up retrieval debug: {
  question: 'Could you tell me about your educational backgroun...',
  questionIndex: 0,
  followupsFound: 3,
  followupDetails: [
    { id: 'Q1_F1', prompt: 'When did you start your degree...' },
    { id: 'Q1_F2', prompt: 'Where is your college or unive...' },
    { id: 'Q1_F3', prompt: 'Who comes to mind as someone y...' }
  ]
}
🔧 CORS: Origin allowed: https://privacy-demo-flame.vercel.app
🔧 CORS: Origin allowed: https://privacy-demo-flame.vercel.app
🔧 Request: POST /api/chat from origin: https://privacy-demo-flame.vercel.app
🔧 CORS Headers: {
  origin: 'https://privacy-demo-flame.vercel.app',
  'access-control-request-method': undefined,
  'access-control-request-headers': undefined,
  'user-agent': 'Mozilla/5.0 (Windows NT 10.0; Win64; x64) AppleWebKit/537.36 (KHTML, like Gecko) Chrome/139.0.0.0 Safari/537.36'
}
ℹ️ [2025-08-27T13:01:13.119Z][/api/chat][x1jxuu9q] incoming params {
  hasMessage: true,
  step: 0,
  questionMode: true,
  isFinalQuestionFlag: false,
  followUpMode: true,
  currentQuestionProvided: false,
  predefinedCount: 0,
  sessionIdProvided: true,
  action: 'START_QUESTION_MODE'
}
ℹ️ [2025-08-27T13:01:13.119Z][/api/chat][x1jxuu9q] handling START_QUESTION_MODE action
[coverage] {
  q: 'Could you tell me about your educational backgroun...',
  questionIndex: 0,
  totalFollowups: 3,
  followupIds: [ 'Q1_F1', 'Q1_F2', 'Q1_F3' ],
  covered: [],
  pending: [ 'Q1_F1', 'Q1_F2', 'Q1_F3' ],
  verdict: 'REQUIRE_MORE',
  auditCoverageMap: [
    { id: 'Q1_F1', covered: false, evidence: '' },
    { id: 'Q1_F2', covered: false, evidence: '' },
    { id: 'Q1_F3', covered: false, evidence: '' }
  ]
}
[poller] scanning (study=68adb0cb59d609257e432438)…
[poller] found 1 items to autosave (nocode=0, coded=0, mode=force-all)
🔧 CORS: Request with no origin, allowing
🔧 Request: POST /api/upload-to-s3 from origin: undefined
🔧 CORS Headers: {
  origin: undefined,
  'access-control-request-method': undefined,
  'access-control-request-headers': undefined,
  'user-agent': 'node'
}
✅ Uploaded exports/complete/68af0094541b2dd45f1579f8.json (Mode: featured, PID: 660d542821839863303cebe3)
↪︎ Legacy copy skipped (not-nocode)
[poller] uploaded → exports/complete/68af0094541b2dd45f1579f8.json (coded) (PID=660d542821839863303cebe3 study=68adb0cb59d609257e432438 sub=68af0094541b2dd45f1579f8)
🔧 CORS: Origin allowed: https://privacy-demo-flame.vercel.app
🔧 CORS: Origin allowed: https://privacy-demo-flame.vercel.app
🔧 Request: POST /api/chat from origin: https://privacy-demo-flame.vercel.app
🔧 CORS Headers: {
  origin: 'https://privacy-demo-flame.vercel.app',
  'access-control-request-method': undefined,
  'access-control-request-headers': undefined,
  'user-agent': 'Mozilla/5.0 (Windows NT 10.0; Win64; x64) AppleWebKit/537.36 (KHTML, like Gecko) Chrome/139.0.0.0 Safari/537.36'
}
ℹ️ [2025-08-27T13:01:53.155Z][/api/chat][9guv6miy] incoming params {
  hasMessage: true,
  step: 2,
  questionMode: true,
  isFinalQuestionFlag: false,
  followUpMode: true,
  currentQuestionProvided: true,
  predefinedCount: 0,
  sessionIdProvided: true,
  action: null
}
ℹ️ [2025-08-27T13:01:53.155Z][/api/chat][9guv6miy] session ready { currentSessionId: 'metzfocu85jhpg41hbs', prevLen: 0, newLen: 1 }
ℹ️ [2025-08-27T13:01:53.155Z][/api/chat][9guv6miy] orchestrator state {
  phase: 'main',
  mainIdx: 0,
  qNow: 'Could you tell me about your educational background - what did you study in college or university?',
  allowedActions: [
    'ASK_FOLLOWUP',
    'REQUEST_CLARIFY',
    'SUMMARIZE_QUESTION',
    'NEXT_QUESTION'
  ]
}
ℹ️ [2025-08-27T13:01:53.155Z][/api/chat][9guv6miy] prompt stats {
  sysPromptLen: 1574,
  messagesCount: 2,
  lastUserPreview: 'I studied Software Engineering'
}
🔧 CORS: Origin allowed: https://privacy-demo-flame.vercel.app
🔧 CORS: Origin allowed: https://privacy-demo-flame.vercel.app
🔧 Request: POST /api/chat from origin: https://privacy-demo-flame.vercel.app
🔧 CORS Headers: {
  origin: 'https://privacy-demo-flame.vercel.app',
  'access-control-request-method': undefined,
  'access-control-request-headers': undefined,
  'user-agent': 'Mozilla/5.0 (Windows NT 10.0; Win64; x64) AppleWebKit/537.36 (KHTML, like Gecko) Chrome/132.0.0.0 Safari/537.36'
}
ℹ️ [2025-08-27T13:02:16.731Z][/api/chat][qocbkpk6] incoming params {
  hasMessage: true,
  step: 0,
  questionMode: true,
  isFinalQuestionFlag: false,
  followUpMode: true,
  currentQuestionProvided: false,
  predefinedCount: 0,
  sessionIdProvided: true,
  action: 'START_QUESTION_MODE'
}
ℹ️ [2025-08-27T13:02:16.731Z][/api/chat][qocbkpk6] handling START_QUESTION_MODE action
🔧 CORS: Origin allowed: https://privacy-demo-flame.vercel.app
🔧 CORS: Origin allowed: https://privacy-demo-flame.vercel.app
🔧 Request: POST /api/chat from origin: https://privacy-demo-flame.vercel.app
🔧 CORS Headers: {
  origin: 'https://privacy-demo-flame.vercel.app',
  'access-control-request-method': undefined,
  'access-control-request-headers': undefined,
  'user-agent': 'Mozilla/5.0 (Windows NT 10.0; Win64; x64) AppleWebKit/537.36 (KHTML, like Gecko) Chrome/132.0.0.0 Safari/537.36'
}
ℹ️ [2025-08-27T13:04:17.016Z][/api/chat][jdu5qq6z] incoming params {
  hasMessage: true,
  step: 1,
  questionMode: true,
  isFinalQuestionFlag: false,
  followUpMode: true,
  currentQuestionProvided: true,
  predefinedCount: 0,
  sessionIdProvided: true,
  action: null
}
ℹ️ [2025-08-27T13:04:17.016Z][/api/chat][jdu5qq6z] session ready { currentSessionId: 'metzf9ialvzxp11621', prevLen: 1, newLen: 2 }
ℹ️ [2025-08-27T13:04:17.016Z][/api/chat][jdu5qq6z] orchestrator state {
  phase: 'main',
  mainIdx: 0,
  qNow: 'Could you tell me about your educational background - what did you study in college or university?',
  allowedActions: [
    'ASK_FOLLOWUP',
    'REQUEST_CLARIFY',
    'SUMMARIZE_QUESTION',
    'NEXT_QUESTION'
  ]
}
ℹ️ [2025-08-27T13:04:17.016Z][/api/chat][jdu5qq6z] prompt stats {
  sysPromptLen: 1574,
  messagesCount: 3,
  lastUserPreview: 'I Obtained a BSc. Degree in Business Administration and later went ahead to obtain an MBA.'
}
ℹ️ [2025-08-27T13:04:18.532Z][/api/chat][jdu5qq6z] executor completed {
  ms: 1516,
  aiResponsePreview: '{\n' +
    '  "action": "ASK_FOLLOWUP",\n' +
    '  "question_id": "educational_background",\n' +
    '  "utterance": "Thanks for sharing that! Was there a particular area within business administration that yo'
}
ℹ️ [2025-08-27T13:04:18.532Z][/api/chat][jdu5qq6z] executor parsed {
  action: 'ASK_FOLLOWUP',
  question_id: 'educational_background',
  utterance: 'Thanks for sharing that! Was there a particular area within business administration that you focused on, or any courses or projects during your studies that really stood out to you?',
  notes: [ 'BSc. in Business Administration', 'MBA' ]
}
isFinalQuestionValue false
Audit Result (Follow-up Coverage): {"question_id":"Could you tell me about your educational background - what did you study in college or university?","verdict":"REQUIRE_MORE","scores":null,"missing":["Q1_F1"],"notes":"None of the required follow-ups have been explicitly asked yet.","confidence":1,"followUpQuestions":["When did you start your degree and when did you finish?"],"coverage_map":[{"id":"Q1_F1","covered":false,"evidence":""},{"id":"Q1_F2","covered":false,"evidence":""},{"id":"Q1_F3","covered":false,"evidence":""}],"next_followup":{"id":"Q1_F1","prompt":"When did you start your degree and when did you finish?"},"shouldProceed":false,"reason":"None of the required follow-ups have been explicitly asked yet."}
🔍 Follow-up retrieval debug: {
  question: 'Could you tell me about your educational backgroun...',
  questionIndex: 0,
  followupsFound: 3,
  followupDetails: [
    { id: 'Q1_F1', prompt: 'When did you start your degree...' },
    { id: 'Q1_F2', prompt: 'Where is your college or unive...' },
    { id: 'Q1_F3', prompt: 'Who comes to mind as someone y...' }
  ]
}
[coverage] {
  q: 'Could you tell me about your educational backgroun...',
  questionIndex: 0,
  totalFollowups: 3,
  followupIds: [ 'Q1_F1', 'Q1_F2', 'Q1_F3' ],
  covered: [],
  pending: [ 'Q1_F1', 'Q1_F2', 'Q1_F3' ],
  verdict: 'REQUIRE_MORE',
  auditCoverageMap: [
    { id: 'Q1_F1', covered: false, evidence: '' },
    { id: 'Q1_F2', covered: false, evidence: '' },
    { id: 'Q1_F3', covered: false, evidence: '' }
  ]
}
🔧 CORS: Origin allowed: https://privacy-demo-flame.vercel.app
🔧 CORS: Origin allowed: https://privacy-demo-flame.vercel.app
🔧 CORS: Origin allowed: https://privacy-demo-flame.vercel.app
🔧 Request: POST /api/study/allocate from origin: https://privacy-demo-flame.vercel.app
🔧 CORS Headers: {
  origin: 'https://privacy-demo-flame.vercel.app',
  'access-control-request-method': undefined,
  'access-control-request-headers': undefined,
  'user-agent': 'Mozilla/5.0 (Macintosh; Intel Mac OS X 10_15_7) AppleWebKit/537.36 (KHTML, like Gecko) Chrome/139.0.0.0 Safari/537.36'
}
🔧 CORS: Origin allowed: https://privacy-demo-flame.vercel.app
🔧 Request: POST /api/prolific/start from origin: https://privacy-demo-flame.vercel.app
🔧 CORS Headers: {
  origin: 'https://privacy-demo-flame.vercel.app',
  'access-control-request-method': undefined,
  'access-control-request-headers': undefined,
  'user-agent': 'Mozilla/5.0 (Macintosh; Intel Mac OS X 10_15_7) AppleWebKit/537.36 (KHTML, like Gecko) Chrome/139.0.0.0 Safari/537.36'
}
🔧 CORS: Origin allowed: https://privacy-demo-flame.vercel.app
🔧 CORS: Origin allowed: https://privacy-demo-flame.vercel.app
🔧 Request: POST /api/reset from origin: https://privacy-demo-flame.vercel.app
🔧 CORS Headers: {
  origin: 'https://privacy-demo-flame.vercel.app',
  'access-control-request-method': undefined,
  'access-control-request-headers': undefined,
  'user-agent': 'Mozilla/5.0 (Macintosh; Intel Mac OS X 10_15_7) AppleWebKit/537.36 (KHTML, like Gecko) Chrome/139.0.0.0 Safari/537.36'
}
Reset all sessions
🔧 CORS: Origin allowed: https://privacy-demo-flame.vercel.app
🔧 Request: GET /api/config from origin: https://privacy-demo-flame.vercel.app
🔧 CORS Headers: {
  origin: 'https://privacy-demo-flame.vercel.app',
  'access-control-request-method': undefined,
  'access-control-request-headers': undefined,
  'user-agent': 'Mozilla/5.0 (Macintosh; Intel Mac OS X 10_15_7) AppleWebKit/537.36 (KHTML, like Gecko) Chrome/139.0.0.0 Safari/537.36'
}
🔧 CORS: Origin allowed: https://privacy-demo-flame.vercel.app
🔧 Request: POST /api/prolific/start from origin: https://privacy-demo-flame.vercel.app
🔧 CORS Headers: {
  origin: 'https://privacy-demo-flame.vercel.app',
  'access-control-request-method': undefined,
  'access-control-request-headers': undefined,
  'user-agent': 'Mozilla/5.0 (Macintosh; Intel Mac OS X 10_15_7) AppleWebKit/537.36 (KHTML, like Gecko) Chrome/139.0.0.0 Safari/537.36'
}
🔧 CORS: Origin allowed: https://privacy-demo-flame.vercel.app
🔧 Request: GET /api/predefined_questions/featured from origin: https://privacy-demo-flame.vercel.app
🔧 CORS Headers: {
  origin: 'https://privacy-demo-flame.vercel.app',
  'access-control-request-method': undefined,
  'access-control-request-headers': undefined,
  'user-agent': 'Mozilla/5.0 (Macintosh; Intel Mac OS X 10_15_7) AppleWebKit/537.36 (KHTML, like Gecko) Chrome/139.0.0.0 Safari/537.36'
}
🔧 CORS: Origin allowed: https://privacy-demo-flame.vercel.app
🔧 CORS: Origin allowed: https://privacy-demo-flame.vercel.app
🔧 Request: POST /api/chat from origin: https://privacy-demo-flame.vercel.app
🔧 CORS Headers: {
  origin: 'https://privacy-demo-flame.vercel.app',
  'access-control-request-method': undefined,
  'access-control-request-headers': undefined,
  'user-agent': 'Mozilla/5.0 (Macintosh; Intel Mac OS X 10_15_7) AppleWebKit/537.36 (KHTML, like Gecko) Chrome/139.0.0.0 Safari/537.36'
}
ℹ️ [2025-08-27T13:06:16.820Z][/api/chat][no2uu9dg] incoming params {
  hasMessage: true,
  step: 0,
  questionMode: true,
  isFinalQuestionFlag: false,
  followUpMode: true,
  currentQuestionProvided: false,
  predefinedCount: 0,
  sessionIdProvided: true,
  action: 'START_QUESTION_MODE'
}
ℹ️ [2025-08-27T13:06:16.820Z][/api/chat][no2uu9dg] handling START_QUESTION_MODE action
[poller] scanning (study=68adb0cb59d609257e432438)…
[poller] found 1 items to autosave (nocode=0, coded=0, mode=force-all)
🔧 CORS: Request with no origin, allowing
🔧 Request: POST /api/upload-to-s3 from origin: undefined
🔧 CORS Headers: {
  origin: undefined,
  'access-control-request-method': undefined,
  'access-control-request-headers': undefined,
  'user-agent': 'node'
}
✅ Uploaded exports/complete/68af025e5b0afd02a3ea7bd9.json (Mode: featured, PID: 60fd6618f9a377f54dcdf318)
↪︎ Legacy copy skipped (not-nocode)
[poller] uploaded → exports/complete/68af025e5b0afd02a3ea7bd9.json (coded) (PID=60fd6618f9a377f54dcdf318 study=68adb0cb59d609257e432438 sub=68af025e5b0afd02a3ea7bd9)
🔧 CORS: Origin allowed: https://privacy-demo-flame.vercel.app
🔧 CORS: Origin allowed: https://privacy-demo-flame.vercel.app
🔧 Request: POST /api/chat from origin: https://privacy-demo-flame.vercel.app
🔧 CORS Headers: {
  origin: 'https://privacy-demo-flame.vercel.app',
  'access-control-request-method': undefined,
  'access-control-request-headers': undefined,
  'user-agent': 'Mozilla/5.0 (Windows NT 10.0; Win64; x64) AppleWebKit/537.36 (KHTML, like Gecko) Chrome/132.0.0.0 Safari/537.36'
}
ℹ️ [2025-08-27T13:06:51.572Z][/api/chat][goqadf95] incoming params {
  hasMessage: true,
  step: 2,
  questionMode: true,
  isFinalQuestionFlag: false,
  followUpMode: true,
  currentQuestionProvided: true,
  predefinedCount: 0,
  sessionIdProvided: true,
  action: null
}
ℹ️ [2025-08-27T13:06:51.572Z][/api/chat][goqadf95] session ready { currentSessionId: 'metzf9ialvzxp11621', prevLen: 0, newLen: 1 }
ℹ️ [2025-08-27T13:06:51.572Z][/api/chat][goqadf95] orchestrator state {
  phase: 'main',
  mainIdx: 0,
  qNow: 'Could you tell me about your educational background - what did you study in college or university?',
  allowedActions: [
    'ASK_FOLLOWUP',
    'REQUEST_CLARIFY',
    'SUMMARIZE_QUESTION',
    'NEXT_QUESTION'
  ]
}
ℹ️ [2025-08-27T13:06:51.572Z][/api/chat][goqadf95] prompt stats {
  sysPromptLen: 1574,
  messagesCount: 2,
  lastUserPreview: 'I started my My BSc in 2013 and finished in 2016 and I had my MBA in 2018'
}
🔧 CORS: Origin allowed: https://privacy-demo-flame.vercel.app
🔧 CORS: Origin allowed: https://privacy-demo-flame.vercel.app
🔧 CORS: Origin allowed: https://privacy-demo-flame.vercel.app
🔧 Request: POST /api/prolific/start from origin: https://privacy-demo-flame.vercel.app
🔧 CORS Headers: {
  origin: 'https://privacy-demo-flame.vercel.app',
  'access-control-request-method': undefined,
  'access-control-request-headers': undefined,
  'user-agent': 'Mozilla/5.0 (Macintosh; Intel Mac OS X 10_15_7) AppleWebKit/605.1.15 (KHTML, like Gecko) Version/18.6 Safari/605.1.15'
}
🔧 CORS: Origin allowed: https://privacy-demo-flame.vercel.app
🔧 Request: POST /api/study/allocate from origin: https://privacy-demo-flame.vercel.app
🔧 CORS Headers: {
  origin: 'https://privacy-demo-flame.vercel.app',
  'access-control-request-method': undefined,
  'access-control-request-headers': undefined,
  'user-agent': 'Mozilla/5.0 (Macintosh; Intel Mac OS X 10_15_7) AppleWebKit/605.1.15 (KHTML, like Gecko) Version/18.6 Safari/605.1.15'
}
🔧 CORS: Origin allowed: https://privacy-demo-flame.vercel.app
🔧 CORS: Origin allowed: https://privacy-demo-flame.vercel.app
🔧 CORS: Origin allowed: https://privacy-demo-flame.vercel.app
🔧 Request: POST /api/study/allocate from origin: https://privacy-demo-flame.vercel.app
🔧 CORS Headers: {
  origin: 'https://privacy-demo-flame.vercel.app',
  'access-control-request-method': undefined,
  'access-control-request-headers': undefined,
  'user-agent': 'Mozilla/5.0 (Windows NT 10.0; Win64; x64) AppleWebKit/537.36 (KHTML, like Gecko) Chrome/132.0.0.0 Safari/537.36'
}
🔧 CORS: Origin allowed: https://privacy-demo-flame.vercel.app
🔧 Request: POST /api/prolific/start from origin: https://privacy-demo-flame.vercel.app
🔧 CORS Headers: {
  origin: 'https://privacy-demo-flame.vercel.app',
  'access-control-request-method': undefined,
  'access-control-request-headers': undefined,
  'user-agent': 'Mozilla/5.0 (Windows NT 10.0; Win64; x64) AppleWebKit/537.36 (KHTML, like Gecko) Chrome/132.0.0.0 Safari/537.36'
}
🔧 CORS: Origin allowed: https://privacy-demo-flame.vercel.app
🔧 CORS: Origin allowed: https://privacy-demo-flame.vercel.app
🔧 Request: POST /api/reset from origin: https://privacy-demo-flame.vercel.app
🔧 CORS Headers: {
  origin: 'https://privacy-demo-flame.vercel.app',
  'access-control-request-method': undefined,
  'access-control-request-headers': undefined,
  'user-agent': 'Mozilla/5.0 (Macintosh; Intel Mac OS X 10_15_7) AppleWebKit/605.1.15 (KHTML, like Gecko) Version/18.6 Safari/605.1.15'
}
Reset all sessions
🔧 CORS: Origin allowed: https://privacy-demo-flame.vercel.app
🔧 Request: GET /api/config from origin: https://privacy-demo-flame.vercel.app
🔧 CORS Headers: {
  origin: 'https://privacy-demo-flame.vercel.app',
  'access-control-request-method': undefined,
  'access-control-request-headers': undefined,
  'user-agent': 'Mozilla/5.0 (Macintosh; Intel Mac OS X 10_15_7) AppleWebKit/605.1.15 (KHTML, like Gecko) Version/18.6 Safari/605.1.15'
}
🔧 CORS: Origin allowed: https://privacy-demo-flame.vercel.app
🔧 Request: POST /api/prolific/start from origin: https://privacy-demo-flame.vercel.app
🔧 CORS Headers: {
  origin: 'https://privacy-demo-flame.vercel.app',
  'access-control-request-method': undefined,
  'access-control-request-headers': undefined,
  'user-agent': 'Mozilla/5.0 (Macintosh; Intel Mac OS X 10_15_7) AppleWebKit/605.1.15 (KHTML, like Gecko) Version/18.6 Safari/605.1.15'
}
🔧 CORS: Origin allowed: https://privacy-demo-flame.vercel.app
🔧 Request: GET /api/predefined_questions/featured from origin: https://privacy-demo-flame.vercel.app
🔧 CORS Headers: {
  origin: 'https://privacy-demo-flame.vercel.app',
  'access-control-request-method': undefined,
  'access-control-request-headers': undefined,
  'user-agent': 'Mozilla/5.0 (Macintosh; Intel Mac OS X 10_15_7) AppleWebKit/605.1.15 (KHTML, like Gecko) Version/18.6 Safari/605.1.15'
}
🔧 CORS: Origin allowed: https://privacy-demo-flame.vercel.app
🔧 CORS: Origin allowed: https://privacy-demo-flame.vercel.app
🔧 Request: POST /api/chat from origin: https://privacy-demo-flame.vercel.app
🔧 CORS Headers: {
  origin: 'https://privacy-demo-flame.vercel.app',
  'access-control-request-method': undefined,
  'access-control-request-headers': undefined,
  'user-agent': 'Mozilla/5.0 (Macintosh; Intel Mac OS X 10_15_7) AppleWebKit/605.1.15 (KHTML, like Gecko) Version/18.6 Safari/605.1.15'
}
ℹ️ [2025-08-27T13:07:14.102Z][/api/chat][hfxs6al9] incoming params {
  hasMessage: true,
  step: 0,
  questionMode: true,
  isFinalQuestionFlag: false,
  followUpMode: true,
  currentQuestionProvided: false,
  predefinedCount: 0,
  sessionIdProvided: true,
  action: 'START_QUESTION_MODE'
}
ℹ️ [2025-08-27T13:07:14.102Z][/api/chat][hfxs6al9] handling START_QUESTION_MODE action
🔧 CORS: Origin allowed: https://privacy-demo-flame.vercel.app
🔧 CORS: Origin allowed: https://privacy-demo-flame.vercel.app
🔧 Request: POST /api/reset from origin: https://privacy-demo-flame.vercel.app
🔧 CORS Headers: {
  origin: 'https://privacy-demo-flame.vercel.app',
  'access-control-request-method': undefined,
  'access-control-request-headers': undefined,
  'user-agent': 'Mozilla/5.0 (Windows NT 10.0; Win64; x64) AppleWebKit/537.36 (KHTML, like Gecko) Chrome/132.0.0.0 Safari/537.36'
}
Reset all sessions
🔧 CORS: Origin allowed: https://privacy-demo-flame.vercel.app
🔧 Request: GET /api/config from origin: https://privacy-demo-flame.vercel.app
🔧 CORS Headers: {
  origin: 'https://privacy-demo-flame.vercel.app',
  'access-control-request-method': undefined,
  'access-control-request-headers': undefined,
  'user-agent': 'Mozilla/5.0 (Windows NT 10.0; Win64; x64) AppleWebKit/537.36 (KHTML, like Gecko) Chrome/132.0.0.0 Safari/537.36'
}
🔧 CORS: Origin allowed: https://privacy-demo-flame.vercel.app
🔧 CORS: Origin allowed: https://privacy-demo-flame.vercel.app
🔧 Request: GET /api/predefined_questions/neutral from origin: https://privacy-demo-flame.vercel.app
🔧 CORS Headers: {
  origin: 'https://privacy-demo-flame.vercel.app',
  'access-control-request-method': undefined,
  'access-control-request-headers': undefined,
  'user-agent': 'Mozilla/5.0 (Windows NT 10.0; Win64; x64) AppleWebKit/537.36 (KHTML, like Gecko) Chrome/132.0.0.0 Safari/537.36'
}
🔧 CORS: Origin allowed: https://privacy-demo-flame.vercel.app
🔧 Request: POST /api/prolific/start from origin: https://privacy-demo-flame.vercel.app
🔧 CORS Headers: {
  origin: 'https://privacy-demo-flame.vercel.app',
  'access-control-request-method': undefined,
  'access-control-request-headers': undefined,
  'user-agent': 'Mozilla/5.0 (Windows NT 10.0; Win64; x64) AppleWebKit/537.36 (KHTML, like Gecko) Chrome/132.0.0.0 Safari/537.36'
}
🔧 CORS: Origin allowed: https://privacy-demo-flame.vercel.app
🔧 CORS: Origin allowed: https://privacy-demo-flame.vercel.app
🔧 Request: POST /api/chat from origin: https://privacy-demo-flame.vercel.app
🔧 CORS Headers: {
  origin: 'https://privacy-demo-flame.vercel.app',
  'access-control-request-method': undefined,
  'access-control-request-headers': undefined,
  'user-agent': 'Mozilla/5.0 (Windows NT 10.0; Win64; x64) AppleWebKit/537.36 (KHTML, like Gecko) Chrome/132.0.0.0 Safari/537.36'
}
ℹ️ [2025-08-27T13:07:17.649Z][/api/chat][kkvx3hc1] incoming params {
  hasMessage: true,
  step: 0,
  questionMode: true,
  isFinalQuestionFlag: false,
  followUpMode: true,
  currentQuestionProvided: false,
  predefinedCount: 0,
  sessionIdProvided: true,
  action: 'START_QUESTION_MODE'
}
ℹ️ [2025-08-27T13:07:17.649Z][/api/chat][kkvx3hc1] handling START_QUESTION_MODE action
🔧 CORS: Origin allowed: https://privacy-demo-flame.vercel.app
🔧 CORS: Origin allowed: https://privacy-demo-flame.vercel.app
🔧 Request: POST /api/chat from origin: https://privacy-demo-flame.vercel.app
🔧 CORS Headers: {
  origin: 'https://privacy-demo-flame.vercel.app',
  'access-control-request-method': undefined,
  'access-control-request-headers': undefined,
  'user-agent': 'Mozilla/5.0 (Macintosh; Intel Mac OS X 10_15_7) AppleWebKit/605.1.15 (KHTML, like Gecko) Version/18.6 Safari/605.1.15'
}
ℹ️ [2025-08-27T13:07:30.357Z][/api/chat][3o8ypb2g] incoming params {
  hasMessage: true,
  step: 0,
  questionMode: true,
  isFinalQuestionFlag: false,
  followUpMode: true,
  currentQuestionProvided: false,
  predefinedCount: 0,
  sessionIdProvided: true,
  action: 'START_QUESTION_MODE'
}
ℹ️ [2025-08-27T13:07:30.357Z][/api/chat][3o8ypb2g] handling START_QUESTION_MODE action
🔧 CORS: Origin allowed: https://privacy-demo-flame.vercel.app
🔧 CORS: Origin allowed: https://privacy-demo-flame.vercel.app
🔧 Request: POST /api/chat from origin: https://privacy-demo-flame.vercel.app
🔧 CORS Headers: {
  origin: 'https://privacy-demo-flame.vercel.app',
  'access-control-request-method': undefined,
  'access-control-request-headers': undefined,
  'user-agent': 'Mozilla/5.0 (Macintosh; Intel Mac OS X 10_15_7) AppleWebKit/605.1.15 (KHTML, like Gecko) Version/18.6 Safari/605.1.15'
}
ℹ️ [2025-08-27T13:08:04.731Z][/api/chat][rth8jtmj] incoming params {
  hasMessage: true,
  step: 1,
  questionMode: true,
  isFinalQuestionFlag: false,
  followUpMode: true,
  currentQuestionProvided: true,
  predefinedCount: 0,
  sessionIdProvided: true,
  action: null
}
ℹ️ [2025-08-27T13:08:04.731Z][/api/chat][rth8jtmj] session ready { currentSessionId: 'metzoz20lyh73cj343p', prevLen: 1, newLen: 2 }
ℹ️ [2025-08-27T13:08:04.731Z][/api/chat][rth8jtmj] orchestrator state {
  phase: 'main',
  mainIdx: 0,
  qNow: 'Could you tell me about your educational background - what did you study in college or university?',
  allowedActions: [
    'ASK_FOLLOWUP',
    'REQUEST_CLARIFY',
    'SUMMARIZE_QUESTION',
    'NEXT_QUESTION'
  ]
}
ℹ️ [2025-08-27T13:08:04.731Z][/api/chat][rth8jtmj] prompt stats {
  sysPromptLen: 1574,
  messagesCount: 3,
  lastUserPreview: 'I went to WVU and got my masters in psychology'
}
ℹ️ [2025-08-27T13:08:07.827Z][/api/chat][rth8jtmj] executor completed {
  ms: 3096,
  aiResponsePreview: '{\n' +
    '  "action": "ASK_FOLLOWUP",\n' +
    '  "question_id": "educational_background",\n' +
    `  "utterance": "That's great—what drew you to pursue a master's in psychology at WVU? Was there a particula`
}
ℹ️ [2025-08-27T13:08:07.827Z][/api/chat][rth8jtmj] executor parsed {
  action: 'ASK_FOLLOWUP',
  question_id: 'educational_background',
  utterance: "That's great—what drew you to pursue a master's in psychology at WVU? Was there a particular area or experience that influenced your decision?",
  notes: [ 'WVU', "master's in psychology" ]
}
isFinalQuestionValue false
Audit Result (Follow-up Coverage): {"question_id":"Could you tell me about your educational background - what did you study in college or university?","verdict":"REQUIRE_MORE","scores":null,"missing":["Q1_F1"],"notes":"None of the explicit follow-up questions have been directly asked yet.","confidence":1,"followUpQuestions":["When did you start your degree and when did you finish?"],"coverage_map":[{"id":"Q1_F1","covered":false,"evidence":""},{"id":"Q1_F2","covered":false,"evidence":""},{"id":"Q1_F3","covered":false,"evidence":""}],"next_followup":{"id":"Q1_F1","prompt":"When did you start your degree and when did you finish?"},"shouldProceed":false,"reason":"None of the explicit follow-up questions have been directly asked yet."}
🔍 Follow-up retrieval debug: {
  question: 'Could you tell me about your educational backgroun...',
  questionIndex: 0,
  followupsFound: 3,
  followupDetails: [
    { id: 'Q1_F1', prompt: 'When did you start your degree...' },
    { id: 'Q1_F2', prompt: 'Where is your college or unive...' },
    { id: 'Q1_F3', prompt: 'Who comes to mind as someone y...' }
  ]
}
[coverage] {
  q: 'Could you tell me about your educational backgroun...',
  questionIndex: 0,
  totalFollowups: 3,
  followupIds: [ 'Q1_F1', 'Q1_F2', 'Q1_F3' ],
  covered: [],
  pending: [ 'Q1_F1', 'Q1_F2', 'Q1_F3' ],
  verdict: 'REQUIRE_MORE',
  auditCoverageMap: [
    { id: 'Q1_F1', covered: false, evidence: '' },
    { id: 'Q1_F2', covered: false, evidence: '' },
    { id: 'Q1_F3', covered: false, evidence: '' }
  ]
}
🔧 CORS: Origin allowed: https://privacy-demo-flame.vercel.app
🔧 CORS: Origin allowed: https://privacy-demo-flame.vercel.app
🔧 CORS: Origin allowed: https://privacy-demo-flame.vercel.app
🔧 Request: POST /api/study/allocate from origin: https://privacy-demo-flame.vercel.app
🔧 CORS Headers: {
  origin: 'https://privacy-demo-flame.vercel.app',
  'access-control-request-method': undefined,
  'access-control-request-headers': undefined,
  'user-agent': 'Mozilla/5.0 (Windows NT 10.0; Win64; x64) AppleWebKit/537.36 (KHTML, like Gecko) Chrome/132.0.0.0 Safari/537.36'
}
🔧 CORS: Origin allowed: https://privacy-demo-flame.vercel.app
🔧 Request: POST /api/prolific/start from origin: https://privacy-demo-flame.vercel.app
🔧 CORS Headers: {
  origin: 'https://privacy-demo-flame.vercel.app',
  'access-control-request-method': undefined,
  'access-control-request-headers': undefined,
  'user-agent': 'Mozilla/5.0 (Windows NT 10.0; Win64; x64) AppleWebKit/537.36 (KHTML, like Gecko) Chrome/132.0.0.0 Safari/537.36'
}
🔧 CORS: Origin allowed: https://privacy-demo-flame.vercel.app
🔧 CORS: Origin allowed: https://privacy-demo-flame.vercel.app
🔧 Request: POST /api/reset from origin: https://privacy-demo-flame.vercel.app
🔧 CORS Headers: {
  origin: 'https://privacy-demo-flame.vercel.app',
  'access-control-request-method': undefined,
  'access-control-request-headers': undefined,
  'user-agent': 'Mozilla/5.0 (Windows NT 10.0; Win64; x64) AppleWebKit/537.36 (KHTML, like Gecko) Chrome/132.0.0.0 Safari/537.36'
}
Reset all sessions
🔧 CORS: Origin allowed: https://privacy-demo-flame.vercel.app
🔧 Request: GET /api/config from origin: https://privacy-demo-flame.vercel.app
🔧 CORS Headers: {
  origin: 'https://privacy-demo-flame.vercel.app',
  'access-control-request-method': undefined,
  'access-control-request-headers': undefined,
  'user-agent': 'Mozilla/5.0 (Windows NT 10.0; Win64; x64) AppleWebKit/537.36 (KHTML, like Gecko) Chrome/132.0.0.0 Safari/537.36'
}
🔧 CORS: Origin allowed: https://privacy-demo-flame.vercel.app
🔧 Request: POST /api/prolific/start from origin: https://privacy-demo-flame.vercel.app
🔧 CORS Headers: {
  origin: 'https://privacy-demo-flame.vercel.app',
  'access-control-request-method': undefined,
  'access-control-request-headers': undefined,
  'user-agent': 'Mozilla/5.0 (Windows NT 10.0; Win64; x64) AppleWebKit/537.36 (KHTML, like Gecko) Chrome/132.0.0.0 Safari/537.36'
}
🔧 CORS: Origin allowed: https://privacy-demo-flame.vercel.app
🔧 Request: GET /api/predefined_questions/neutral from origin: https://privacy-demo-flame.vercel.app
🔧 CORS Headers: {
  origin: 'https://privacy-demo-flame.vercel.app',
  'access-control-request-method': undefined,
  'access-control-request-headers': undefined,
  'user-agent': 'Mozilla/5.0 (Windows NT 10.0; Win64; x64) AppleWebKit/537.36 (KHTML, like Gecko) Chrome/132.0.0.0 Safari/537.36'
}
🔧 CORS: Origin allowed: https://privacy-demo-flame.vercel.app
🔧 CORS: Origin allowed: https://privacy-demo-flame.vercel.app
🔧 Request: POST /api/chat from origin: https://privacy-demo-flame.vercel.app
🔧 CORS Headers: {
  origin: 'https://privacy-demo-flame.vercel.app',
  'access-control-request-method': undefined,
  'access-control-request-headers': undefined,
  'user-agent': 'Mozilla/5.0 (Windows NT 10.0; Win64; x64) AppleWebKit/537.36 (KHTML, like Gecko) Chrome/132.0.0.0 Safari/537.36'
}
ℹ️ [2025-08-27T13:08:22.267Z][/api/chat][b1p8ueri] incoming params {
  hasMessage: true,
  step: 0,
  questionMode: true,
  isFinalQuestionFlag: false,
  followUpMode: true,
  currentQuestionProvided: false,
  predefinedCount: 0,
  sessionIdProvided: true,
  action: 'START_QUESTION_MODE'
}
ℹ️ [2025-08-27T13:08:22.267Z][/api/chat][b1p8ueri] handling START_QUESTION_MODE action
🔧 CORS: Origin allowed: https://privacy-demo-flame.vercel.app
🔧 CORS: Origin allowed: https://privacy-demo-flame.vercel.app
🔧 Request: POST /api/chat from origin: https://privacy-demo-flame.vercel.app
🔧 CORS Headers: {
  origin: 'https://privacy-demo-flame.vercel.app',
  'access-control-request-method': undefined,
  'access-control-request-headers': undefined,
  'user-agent': 'Mozilla/5.0 (Windows NT 10.0; Win64; x64) AppleWebKit/537.36 (KHTML, like Gecko) Chrome/132.0.0.0 Safari/537.36'
}
ℹ️ [2025-08-27T13:08:39.344Z][/api/chat][aa0alpth] incoming params {
  hasMessage: true,
  step: 0,
  questionMode: true,
  isFinalQuestionFlag: false,
  followUpMode: true,
  currentQuestionProvided: false,
  predefinedCount: 0,
  sessionIdProvided: true,
  action: 'START_QUESTION_MODE'
}
ℹ️ [2025-08-27T13:08:39.344Z][/api/chat][aa0alpth] handling START_QUESTION_MODE action
🔧 CORS: Origin allowed: https://privacy-demo-flame.vercel.app
🔧 CORS: Origin allowed: https://privacy-demo-flame.vercel.app
🔧 Request: POST /api/chat from origin: https://privacy-demo-flame.vercel.app
🔧 CORS Headers: {
  origin: 'https://privacy-demo-flame.vercel.app',
  'access-control-request-method': undefined,
  'access-control-request-headers': undefined,
  'user-agent': 'Mozilla/5.0 (Macintosh; Intel Mac OS X 10_15_7) AppleWebKit/605.1.15 (KHTML, like Gecko) Version/18.6 Safari/605.1.15'
}
ℹ️ [2025-08-27T13:08:46.307Z][/api/chat][67uifs92] incoming params {
  hasMessage: true,
  step: 2,
  questionMode: true,
  isFinalQuestionFlag: false,
  followUpMode: true,
  currentQuestionProvided: true,
  predefinedCount: 0,
  sessionIdProvided: true,
  action: null
}
ℹ️ [2025-08-27T13:08:46.307Z][/api/chat][67uifs92] session ready { currentSessionId: 'metzoz20lyh73cj343p', prevLen: 0, newLen: 1 }
ℹ️ [2025-08-27T13:08:46.307Z][/api/chat][67uifs92] orchestrator state {
  phase: 'main',
  mainIdx: 0,
  qNow: 'Could you tell me about your educational background - what did you study in college or university?',
  allowedActions: [
    'ASK_FOLLOWUP',
    'REQUEST_CLARIFY',
    'SUMMARIZE_QUESTION',
    'NEXT_QUESTION'
  ]
}
ℹ️ [2025-08-27T13:08:46.307Z][/api/chat][67uifs92] prompt stats { sysPromptLen: 1574, messagesCount: 2, lastUserPreview: '2014-2017' }
🔧 CORS: Origin allowed: https://privacy-demo-flame.vercel.app
🔧 CORS: Origin allowed: https://privacy-demo-flame.vercel.app
🔧 Request: POST /api/chat from origin: https://privacy-demo-flame.vercel.app
🔧 CORS Headers: {
  origin: 'https://privacy-demo-flame.vercel.app',
  'access-control-request-method': undefined,
  'access-control-request-headers': undefined,
  'user-agent': 'Mozilla/5.0 (Macintosh; Intel Mac OS X 10_15_7) AppleWebKit/605.1.15 (KHTML, like Gecko) Version/18.6 Safari/605.1.15'
}
ℹ️ [2025-08-27T13:08:57.512Z][/api/chat][lihd2x4k] incoming params {
  hasMessage: true,
  step: 3,
  questionMode: true,
  isFinalQuestionFlag: false,
  followUpMode: true,
  currentQuestionProvided: true,
  predefinedCount: 0,
  sessionIdProvided: true,
  action: null
}
ℹ️ [2025-08-27T13:08:57.513Z][/api/chat][lihd2x4k] session ready { currentSessionId: 'metzoz20lyh73cj343p', prevLen: 2, newLen: 3 }
ℹ️ [2025-08-27T13:08:57.513Z][/api/chat][lihd2x4k] orchestrator state {
  phase: 'main',
  mainIdx: 0,
  qNow: 'Could you tell me about your educational background - what did you study in college or university?',
  allowedActions: [
    'ASK_FOLLOWUP',
    'REQUEST_CLARIFY',
    'SUMMARIZE_QUESTION',
    'NEXT_QUESTION'
  ]
}
ℹ️ [2025-08-27T13:08:57.513Z][/api/chat][lihd2x4k] prompt stats {
  sysPromptLen: 1574,
  messagesCount: 4,
  lastUserPreview: 'studies psychology'
}
ℹ️ [2025-08-27T13:09:00.270Z][/api/chat][lihd2x4k] executor completed {
  ms: 2757,
  aiResponsePreview: '{\n' +
    '  "action": "ASK_FOLLOWUP",\n' +
    '  "question_id": "educational_background",\n' +
    '  "utterance": "Thanks for sharing that! What drew you to study psychology—was there a particular moment or'
}
ℹ️ [2025-08-27T13:09:00.270Z][/api/chat][lihd2x4k] executor parsed {
  action: 'ASK_FOLLOWUP',
  question_id: 'educational_background',
  utterance: 'Thanks for sharing that! What drew you to study psychology—was there a particular moment or influence that made you choose that field?',
  notes: [ 'Studied psychology from 2014-2017' ]
}
isFinalQuestionValue false
🔍 Marking Q1_F1 as COVERED based on audit (2nd location)
Audit Result (Follow-up Coverage): {"question_id":"Could you tell me about your educational background - what did you study in college or university?","verdict":"REQUIRE_MORE","scores":null,"missing":["Q1_F2"],"notes":"Timeline and field of study are covered, but location and influential person have not been directly asked.","confidence":1,"followUpQuestions":["Where is your college or university located?"],"coverage_map":[{"id":"Q1_F1","covered":true,"evidence":"2014-2017"},{"id":"Q1_F2","covered":false,"evidence":""},{"id":"Q1_F3","covered":false,"evidence":""}],"next_followup":{"id":"Q1_F2","prompt":"Where is your college or university located?"},"shouldProceed":false,"reason":"Timeline and field of study are covered, but location and influential person have not been directly asked."}
🔍 Follow-up retrieval debug: {
  question: 'Could you tell me about your educational backgroun...',
  questionIndex: 0,
  followupsFound: 3,
  followupDetails: [
    { id: 'Q1_F1', prompt: 'When did you start your degree...' },
    { id: 'Q1_F2', prompt: 'Where is your college or unive...' },
    { id: 'Q1_F3', prompt: 'Who comes to mind as someone y...' }
  ]
}
[coverage] {
  q: 'Could you tell me about your educational backgroun...',
  questionIndex: 0,
  totalFollowups: 3,
  followupIds: [ 'Q1_F1', 'Q1_F2', 'Q1_F3' ],
  covered: [ 'Q1_F1' ],
  pending: [ 'Q1_F2', 'Q1_F3' ],
  verdict: 'REQUIRE_MORE',
  auditCoverageMap: [
    { id: 'Q1_F1', covered: true, evidence: '2014-2017' },
    { id: 'Q1_F2', covered: false, evidence: '' },
    { id: 'Q1_F3', covered: false, evidence: '' }
  ]
}
🔧 CORS: Origin allowed: https://privacy-demo-flame.vercel.app
🔧 CORS: Origin allowed: https://privacy-demo-flame.vercel.app
🔧 Request: POST /api/chat from origin: https://privacy-demo-flame.vercel.app
🔧 CORS Headers: {
  origin: 'https://privacy-demo-flame.vercel.app',
  'access-control-request-method': undefined,
  'access-control-request-headers': undefined,
  'user-agent': 'Mozilla/5.0 (Macintosh; Intel Mac OS X 10_15_7) AppleWebKit/605.1.15 (KHTML, like Gecko) Version/18.6 Safari/605.1.15'
}
ℹ️ [2025-08-27T13:09:14.064Z][/api/chat][1lf22v6c] incoming params {
  hasMessage: true,
  step: 4,
  questionMode: true,
  isFinalQuestionFlag: false,
  followUpMode: true,
  currentQuestionProvided: true,
  predefinedCount: 0,
  sessionIdProvided: true,
  action: null
}
ℹ️ [2025-08-27T13:09:14.064Z][/api/chat][1lf22v6c] session ready { currentSessionId: 'metzoz20lyh73cj343p', prevLen: 4, newLen: 5 }
ℹ️ [2025-08-27T13:09:14.064Z][/api/chat][1lf22v6c] orchestrator state {
  phase: 'main',
  mainIdx: 0,
  qNow: 'Could you tell me about your educational background - what did you study in college or university?',
  allowedActions: [
    'ASK_FOLLOWUP',
    'REQUEST_CLARIFY',
    'SUMMARIZE_QUESTION',
    'NEXT_QUESTION'
  ]
}
ℹ️ [2025-08-27T13:09:14.065Z][/api/chat][1lf22v6c] prompt stats {
  sysPromptLen: 1574,
  messagesCount: 6,
  lastUserPreview: 'West Virginia'
}
ℹ️ [2025-08-27T13:09:16.261Z][/api/chat][1lf22v6c] executor completed {
  ms: 2196,
  aiResponsePreview: '{\n' +
    '  "action": "ASK_FOLLOWUP",\n' +
    '  "question_id": "educational_background",\n' +
    '  "utterance": "Thanks! What drew you to study psychology at a university in West Virginia? Was there a par'
}
ℹ️ [2025-08-27T13:09:16.261Z][/api/chat][1lf22v6c] executor parsed {
  action: 'ASK_FOLLOWUP',
  question_id: 'educational_background',
  utterance: 'Thanks! What drew you to study psychology at a university in West Virginia? Was there a particular moment or influence that led you to choose that path?',
  notes: [
    'Studied psychology',
    'Attended university in West Virginia',
    '2014-2017'
  ]
}
isFinalQuestionValue false
🔍 Marking Q1_F1 as COVERED based on audit (2nd location)
🔍 Marking Q1_F2 as COVERED based on audit (2nd location)
Audit Result (Follow-up Coverage): {"question_id":"Could you tell me about your educational background - what did you study in college or university?","verdict":"REQUIRE_MORE","scores":null,"missing":["Q1_F3"],"notes":"The assistant has not yet asked about a person the user learned the most from during their degree.","confidence":1,"followUpQuestions":["Who comes to mind as someone you learned the most from during your degree? Naming a person can sometimes help you reflect more concretely on your experience."],"coverage_map":[{"id":"Q1_F1","covered":true,"evidence":"2014-2017"},{"id":"Q1_F2","covered":true,"evidence":"West Virginia"},{"id":"Q1_F3","covered":false,"evidence":""}],"next_followup":{"id":"Q1_F3","prompt":"Who comes to mind as someone you learned the most from during your degree? Naming a person can sometimes help you reflect more concretely on your experience."},"shouldProceed":false,"reason":"The assistant has not yet asked about a person the user learned the most from during their degree."}
🔍 Follow-up retrieval debug: {
  question: 'Could you tell me about your educational backgroun...',
  questionIndex: 0,
  followupsFound: 3,
  followupDetails: [
    { id: 'Q1_F1', prompt: 'When did you start your degree...' },
    { id: 'Q1_F2', prompt: 'Where is your college or unive...' },
    { id: 'Q1_F3', prompt: 'Who comes to mind as someone y...' }
  ]
}
[coverage] {
  q: 'Could you tell me about your educational backgroun...',
  questionIndex: 0,
  totalFollowups: 3,
  followupIds: [ 'Q1_F1', 'Q1_F2', 'Q1_F3' ],
  covered: [ 'Q1_F1', 'Q1_F2' ],
  pending: [ 'Q1_F3' ],
  verdict: 'REQUIRE_MORE',
  auditCoverageMap: [
    { id: 'Q1_F1', covered: true, evidence: '2014-2017' },
    { id: 'Q1_F2', covered: true, evidence: 'West Virginia' },
    { id: 'Q1_F3', covered: false, evidence: '' }
  ]
}
🔧 CORS: Origin allowed: https://privacy-demo-flame.vercel.app
🔧 CORS: Origin allowed: https://privacy-demo-flame.vercel.app
🔧 Request: POST /api/chat from origin: https://privacy-demo-flame.vercel.app
🔧 CORS Headers: {
  origin: 'https://privacy-demo-flame.vercel.app',
  'access-control-request-method': undefined,
  'access-control-request-headers': undefined,
  'user-agent': 'Mozilla/5.0 (Macintosh; Intel Mac OS X 10_15_7) AppleWebKit/605.1.15 (KHTML, like Gecko) Version/18.6 Safari/605.1.15'
}
ℹ️ [2025-08-27T13:09:43.560Z][/api/chat][ghpyu8aa] incoming params {
  hasMessage: true,
  step: 5,
  questionMode: true,
  isFinalQuestionFlag: false,
  followUpMode: true,
  currentQuestionProvided: true,
  predefinedCount: 0,
  sessionIdProvided: true,
  action: null
}
ℹ️ [2025-08-27T13:09:43.560Z][/api/chat][ghpyu8aa] session ready { currentSessionId: 'metzoz20lyh73cj343p', prevLen: 6, newLen: 7 }
ℹ️ [2025-08-27T13:09:43.560Z][/api/chat][ghpyu8aa] orchestrator state {
  phase: 'main',
  mainIdx: 0,
  qNow: 'Could you tell me about your educational background - what did you study in college or university?',
  allowedActions: [
    'ASK_FOLLOWUP',
    'REQUEST_CLARIFY',
    'SUMMARIZE_QUESTION',
    'NEXT_QUESTION'
  ]
}
ℹ️ [2025-08-27T13:09:43.561Z][/api/chat][ghpyu8aa] prompt stats { sysPromptLen: 1574, messagesCount: 8, lastUserPreview: 'Robert' }
ℹ️ [2025-08-27T13:09:44.710Z][/api/chat][ghpyu8aa] executor completed {
  ms: 1149,
  aiResponsePreview: 'Great, thanks! Could you tell me a bit about Robert—was he a professor, mentor, or perhaps a fellow student? And what was a memorable moment or lesson you took away from your inter'
}
⚠️ [2025-08-27T13:09:44.710Z][/api/chat][ghpyu8aa] executor output not JSON; using raw text
isFinalQuestionValue false
🔍 Marking Q1_F1 as COVERED based on audit (2nd location)
🔍 Marking Q1_F2 as COVERED based on audit (2nd location)
🔍 Marking Q1_F3 as COVERED based on audit (2nd location)
Audit Result (Follow-up Coverage): {"question_id":"Could you tell me about your educational background - what did you study in college or university?","verdict":"ALLOW_NEXT_QUESTION","scores":null,"missing":[],"notes":"All required follow-ups were explicitly asked and answered.","confidence":1,"followUpQuestions":null,"coverage_map":[{"id":"Q1_F1","covered":true,"evidence":"2014-2017"},{"id":"Q1_F2","covered":true,"evidence":"Where is your college or university located?"},{"id":"Q1_F3","covered":true,"evidence":"Who comes to mind as someone you learned the most from during your degree?"}],"next_followup":null,"shouldProceed":true,"reason":"All required follow-ups were explicitly asked and answered."}
🔍 Follow-up retrieval debug: {
  question: 'Could you tell me about your educational backgroun...',
  questionIndex: 0,
  followupsFound: 3,
  followupDetails: [
    { id: 'Q1_F1', prompt: 'When did you start your degree...' },
    { id: 'Q1_F2', prompt: 'Where is your college or unive...' },
    { id: 'Q1_F3', prompt: 'Who comes to mind as someone y...' }
  ]
}
🔍 Detected user reluctance/no-experience but auto-skip is DISABLED: {
  cause: 'no_experience',
  reason: 'User did not provide substantive details about their educational background or experiences related to their studies.',
  question: 'Could you tell me about your educational backgroun...',
  action: 'Continue asking follow-ups anyway'
}
[coverage] {
  q: 'Could you tell me about your educational backgroun...',
  questionIndex: 0,
  totalFollowups: 3,
  followupIds: [ 'Q1_F1', 'Q1_F2', 'Q1_F3' ],
  covered: [ 'Q1_F1', 'Q1_F2', 'Q1_F3' ],
  pending: [],
  verdict: 'ALLOW_NEXT_QUESTION',
  auditCoverageMap: [
    { id: 'Q1_F1', covered: true, evidence: '2014-2017' },
    {
      id: 'Q1_F2',
      covered: true,
      evidence: 'Where is your college or university located?'
    },
    {
      id: 'Q1_F3',
      covered: true,
      evidence: 'Who comes to mind as someone you learned the most from during your degree?'
    }
  ]
}
Question Presence Audit Result: {"hasQuestion":false,"reason":"no interrogative sentence; sentence fragment as user reply","confidence":1,"shouldRegenerate":false}
ℹ️ [2025-08-27T13:09:48.888Z][/api/chat][ghpyu8aa] presence audit {
  ms: 925,
  hasQuestion: false,
  shouldRegenerate: false,
  reason: 'no interrogative sentence; sentence fragment as user reply',
  confidence: 1
}
🔍 shouldAdvance check: {
  phase: 'main',
  mainIdx: 0,
  completionAuditVerdict: 'ALLOW_NEXT_QUESTION',
  hasSession: true,
  hasFollowupCoveredFn: true,
  questionPreview: 'Could you tell me about your educational backgroun...'
}
🔍 areAllFollowupsCovered results: {
  question: 'Could you tell me about your educational backgroun...',
  followupCount: 3,
  coverageResults: [
    { id: 'Q1_F1', covered: true },
    { id: 'Q1_F2', covered: true },
    { id: 'Q1_F3', covered: true }
  ],
  allCovered: true
}
🔍 Follow-up coverage check: {
  questionIndex: 0,
  allCovered: true,
  questionPreview: 'Could you tell me about your educational backgroun...'
}
ℹ️ [2025-08-27T13:09:49.962Z][/api/chat][ghpyu8aa] main question advanced via audit {
  phase: 'main',
  mainIdx: 1,
  newAllowed: [
    'ASK_FOLLOWUP',
    'REQUEST_CLARIFY',
    'SUMMARIZE_QUESTION',
    'NEXT_QUESTION'
  ],
  nextQuestion: "I'd love to hear about your current work and how you got into it by job interviews?"
}
🔍 allowNextIfAuditPass check: {
  phase: 'main',
  mainIdx: 1,
  completionAuditVerdict: 'ALLOW_NEXT_QUESTION',
  wantsImmediateNext: true
}
ℹ️ [2025-08-27T13:09:49.962Z][/api/chat][ghpyu8aa] finalize response {
  questionCompleted: true,
  usedRegenerate: false,
  usedPolish: false,
  responsePreview: 'Appreciate the detail. Next question:\n' +
    "I'd love to hear about your current work and how you got into it by job interviews?"
}
🔧 CORS: Origin allowed: https://privacy-demo-flame.vercel.app
🔧 CORS: Origin allowed: https://privacy-demo-flame.vercel.app
🔧 Request: POST /api/chat from origin: https://privacy-demo-flame.vercel.app
🔧 CORS Headers: {
  origin: 'https://privacy-demo-flame.vercel.app',
  'access-control-request-method': undefined,
  'access-control-request-headers': undefined,
  'user-agent': 'Mozilla/5.0 (Windows NT 10.0; Win64; x64) AppleWebKit/537.36 (KHTML, like Gecko) Chrome/132.0.0.0 Safari/537.36'
}
ℹ️ [2025-08-27T13:09:53.826Z][/api/chat][8ayorar6] incoming params {
  hasMessage: true,
  step: 1,
  questionMode: true,
  isFinalQuestionFlag: false,
  followUpMode: true,
  currentQuestionProvided: true,
  predefinedCount: 0,
  sessionIdProvided: true,
  action: null
}
ℹ️ [2025-08-27T13:09:53.826Z][/api/chat][8ayorar6] session ready { currentSessionId: 'metzqu857h6uycczme', prevLen: 2, newLen: 3 }
ℹ️ [2025-08-27T13:09:53.827Z][/api/chat][8ayorar6] orchestrator state {
  phase: 'main',
  mainIdx: 0,
  qNow: 'Could you tell me about your educational background - what did you study in college or university?',
  allowedActions: [
    'ASK_FOLLOWUP',
    'REQUEST_CLARIFY',
    'SUMMARIZE_QUESTION',
    'NEXT_QUESTION'
  ]
}
ℹ️ [2025-08-27T13:09:53.827Z][/api/chat][8ayorar6] prompt stats {
  sysPromptLen: 1574,
  messagesCount: 4,
  lastUserPreview: 'Hello. Here is Ebony Ward. I studied Business Management in Campus'
}
ℹ️ [2025-08-27T13:09:55.228Z][/api/chat][8ayorar6] executor completed {
  ms: 1401,
  aiResponsePreview: '{\n' +
    '  "action": "ASK_FOLLOWUP",\n' +
    '  "question_id": "educational_background",\n' +
    '  "utterance": "Thanks, Ebony! What drew you to study Business Management—was there a particular moment or '
}
ℹ️ [2025-08-27T13:09:55.228Z][/api/chat][8ayorar6] executor parsed {
  action: 'ASK_FOLLOWUP',
  question_id: 'educational_background',
  utterance: 'Thanks, Ebony! What drew you to study Business Management—was there a particular moment or influence that made you choose that path?',
  notes: [ 'Ebony Ward studied Business Management in college' ]
}
isFinalQuestionValue false
Audit Result (Follow-up Coverage): {"question_id":"Could you tell me about your educational background - what did you study in college or university?","verdict":"REQUIRE_MORE","scores":null,"missing":["Q1_F1"],"notes":"None of the required follow-ups have been explicitly asked yet.","confidence":1,"followUpQuestions":["When did you start your degree and when did you finish?"],"coverage_map":[{"id":"Q1_F1","covered":false,"evidence":""},{"id":"Q1_F2","covered":false,"evidence":""},{"id":"Q1_F3","covered":false,"evidence":""}],"next_followup":{"id":"Q1_F1","prompt":"When did you start your degree and when did you finish?"},"shouldProceed":false,"reason":"None of the required follow-ups have been explicitly asked yet."}
🔍 Follow-up retrieval debug: {
  question: 'Could you tell me about your educational backgroun...',
  questionIndex: 0,
  followupsFound: 3,
  followupDetails: [
    { id: 'Q1_F1', prompt: 'When did you start your degree...' },
    { id: 'Q1_F2', prompt: 'Where is your college or unive...' },
    { id: 'Q1_F3', prompt: 'Who comes to mind as someone y...' }
  ]
}
[coverage] {
  q: 'Could you tell me about your educational backgroun...',
  questionIndex: 0,
  totalFollowups: 3,
  followupIds: [ 'Q1_F1', 'Q1_F2', 'Q1_F3' ],
  covered: [],
  pending: [ 'Q1_F1', 'Q1_F2', 'Q1_F3' ],
  verdict: 'REQUIRE_MORE',
  auditCoverageMap: [
    { id: 'Q1_F1', covered: false, evidence: '' },
    { id: 'Q1_F2', covered: false, evidence: '' },
    { id: 'Q1_F3', covered: false, evidence: '' }
  ]
}
🔧 CORS: Origin allowed: https://privacy-demo-flame.vercel.app
🔧 CORS: Origin allowed: https://privacy-demo-flame.vercel.app
🔧 Request: POST /api/chat from origin: https://privacy-demo-flame.vercel.app
🔧 CORS Headers: {
  origin: 'https://privacy-demo-flame.vercel.app',
  'access-control-request-method': undefined,
  'access-control-request-headers': undefined,
  'user-agent': 'Mozilla/5.0 (Macintosh; Intel Mac OS X 10_15_7) AppleWebKit/605.1.15 (KHTML, like Gecko) Version/18.6 Safari/605.1.15'
}
ℹ️ [2025-08-27T13:10:26.148Z][/api/chat][72fzffw1] incoming params {
  hasMessage: true,
  step: 6,
  questionMode: true,
  isFinalQuestionFlag: false,
  followUpMode: true,
  currentQuestionProvided: true,
  predefinedCount: 0,
  sessionIdProvided: true,
  action: null
}
ℹ️ [2025-08-27T13:10:26.148Z][/api/chat][72fzffw1] session ready { currentSessionId: 'metzoz20lyh73cj343p', prevLen: 8, newLen: 9 }
ℹ️ [2025-08-27T13:10:26.148Z][/api/chat][72fzffw1] orchestrator state {
  phase: 'main',
  mainIdx: 1,
  qNow: "I'd love to hear about your current work and how you got into it by job interviews?",
  allowedActions: [ 'ASK_FOLLOWUP', 'REQUEST_CLARIFY' ]
}
ℹ️ [2025-08-27T13:10:26.148Z][/api/chat][72fzffw1] prompt stats {
  sysPromptLen: 1539,
  messagesCount: 10,
  lastUserPreview: 'im a school psychologist. I got into interviews by being the lead of my department'
}
ℹ️ [2025-08-27T13:10:29.325Z][/api/chat][72fzffw1] executor completed {
  ms: 3177,
  aiResponsePreview: "That's interesting—so you became the lead of your department and that led you into job interviews. Could you walk me through a specific time when you first started interviewing for"
}
⚠️ [2025-08-27T13:10:29.325Z][/api/chat][72fzffw1] executor output not JSON; using raw text
isFinalQuestionValue false
Audit Result (Follow-up Coverage): {"question_id":"I'd love to hear about your current work and how you got into it by job interviews?","verdict":"REQUIRE_MORE","scores":null,"missing":["Q2_F1"],"notes":"None of the required follow-ups have been explicitly asked or answered. The user mentioned their role, but the specific follow-up about when they started/interviewed has not been covered.","confidence":0.95,"followUpQuestions":["When did you start your current job and when did you do the interview?"],"coverage_map":[{"id":"Q2_F1","covered":false,"evidence":""},{"id":"Q2_F2","covered":false,"evidence":""},{"id":"Q2_F3","covered":false,"evidence":""}],"next_followup":{"id":"Q2_F1","prompt":"When did you start your current job and when did you do the interview?"},"shouldProceed":false,"reason":"None of the required follow-ups have been explicitly asked or answered. The user mentioned their role, but the specific follow-up about when they started/interviewed has not been covered."}
🔍 Follow-up retrieval debug: {
  question: "I'd love to hear about your current work and how y...",
  questionIndex: 1,
  followupsFound: 3,
  followupDetails: [
    { id: 'Q2_F1', prompt: 'When did you start your curren...' },
    { id: 'Q2_F2', prompt: 'What is your current job title...' },
    { id: 'Q2_F3', prompt: 'What is your current employer ...' }
  ]
}
[coverage] {
  q: "I'd love to hear about your current work and how y...",
  questionIndex: 1,
  totalFollowups: 3,
  followupIds: [ 'Q2_F1', 'Q2_F2', 'Q2_F3' ],
  covered: [],
  pending: [ 'Q2_F1', 'Q2_F2', 'Q2_F3' ],
  verdict: 'REQUIRE_MORE',
  auditCoverageMap: [
    { id: 'Q2_F1', covered: false, evidence: '' },
    { id: 'Q2_F2', covered: false, evidence: '' },
    { id: 'Q2_F3', covered: false, evidence: '' }
  ]
}
🔧 CORS: Origin allowed: https://privacy-demo-flame.vercel.app
🔧 CORS: Origin allowed: https://privacy-demo-flame.vercel.app
🔧 Request: POST /api/chat from origin: https://privacy-demo-flame.vercel.app
🔧 CORS Headers: {
  origin: 'https://privacy-demo-flame.vercel.app',
  'access-control-request-method': undefined,
  'access-control-request-headers': undefined,
  'user-agent': 'Mozilla/5.0 (Macintosh; Intel Mac OS X 10_15_7) AppleWebKit/605.1.15 (KHTML, like Gecko) Version/18.6 Safari/605.1.15'
}
ℹ️ [2025-08-27T13:10:50.578Z][/api/chat][fpfjsdqu] incoming params {
  hasMessage: true,
  step: 7,
  questionMode: true,
  isFinalQuestionFlag: false,
  followUpMode: true,
  currentQuestionProvided: true,
  predefinedCount: 0,
  sessionIdProvided: true,
  action: null
}
ℹ️ [2025-08-27T13:10:50.578Z][/api/chat][fpfjsdqu] session ready { currentSessionId: 'metzoz20lyh73cj343p', prevLen: 10, newLen: 11 }
ℹ️ [2025-08-27T13:10:50.578Z][/api/chat][fpfjsdqu] orchestrator state {
  phase: 'main',
  mainIdx: 1,
  qNow: "I'd love to hear about your current work and how you got into it by job interviews?",
  allowedActions: [ 'ASK_FOLLOWUP', 'REQUEST_CLARIFY' ]
}
ℹ️ [2025-08-27T13:10:50.578Z][/api/chat][fpfjsdqu] prompt stats {
  sysPromptLen: 1539,
  messagesCount: 12,
  lastUserPreview: '2017. I interview the month before the job'
}
ℹ️ [2025-08-27T13:10:52.542Z][/api/chat][fpfjsdqu] executor completed {
  ms: 1964,
  aiResponsePreview: 'That’s helpful, thank you! Can you walk me through what the interview process was like for you—where did it take place, who was on the panel, and what was one part of the interview'
}
⚠️ [2025-08-27T13:10:52.542Z][/api/chat][fpfjsdqu] executor output not JSON; using raw text
isFinalQuestionValue false
🔍 Marking Q2_F1 as COVERED based on audit (2nd location)
Audit Result (Follow-up Coverage): {"question_id":"I'd love to hear about your current work and how you got into it by job interviews?","verdict":"REQUIRE_MORE","scores":null,"missing":["Q2_F2"],"notes":"Only the timing of job start/interview was explicitly asked; job title and employer/company have not been directly asked.","confidence":1,"followUpQuestions":["What is your current job title?"],"coverage_map":[{"id":"Q2_F1","covered":true,"evidence":"When did you start your current job and when did you do the interview?"},{"id":"Q2_F2","covered":false,"evidence":""},{"id":"Q2_F3","covered":false,"evidence":""}],"next_followup":{"id":"Q2_F2","prompt":"What is your current job title?"},"shouldProceed":false,"reason":"Only the timing of job start/interview was explicitly asked; job title and employer/company have not been directly asked."}
🔍 Follow-up retrieval debug: {
  question: "I'd love to hear about your current work and how y...",
  questionIndex: 1,
  followupsFound: 3,
  followupDetails: [
    { id: 'Q2_F1', prompt: 'When did you start your curren...' },
    { id: 'Q2_F2', prompt: 'What is your current job title...' },
    { id: 'Q2_F3', prompt: 'What is your current employer ...' }
  ]
}
[coverage] {
  q: "I'd love to hear about your current work and how y...",
  questionIndex: 1,
  totalFollowups: 3,
  followupIds: [ 'Q2_F1', 'Q2_F2', 'Q2_F3' ],
  covered: [ 'Q2_F1' ],
  pending: [ 'Q2_F2', 'Q2_F3' ],
  verdict: 'REQUIRE_MORE',
  auditCoverageMap: [
    {
      id: 'Q2_F1',
      covered: true,
      evidence: 'When did you start your current job and when did you do the interview?'
    },
    { id: 'Q2_F2', covered: false, evidence: '' },
    { id: 'Q2_F3', covered: false, evidence: '' }
  ]
}
🔧 CORS: Origin allowed: https://privacy-demo-flame.vercel.app
🔧 CORS: Origin allowed: https://privacy-demo-flame.vercel.app
🔧 Request: POST /api/chat from origin: https://privacy-demo-flame.vercel.app
🔧 CORS Headers: {
  origin: 'https://privacy-demo-flame.vercel.app',
  'access-control-request-method': undefined,
  'access-control-request-headers': undefined,
  'user-agent': 'Mozilla/5.0 (Macintosh; Intel Mac OS X 10_15_7) AppleWebKit/605.1.15 (KHTML, like Gecko) Version/18.6 Safari/605.1.15'
}
ℹ️ [2025-08-27T13:11:07.675Z][/api/chat][7jtlm0su] incoming params {
  hasMessage: true,
  step: 8,
  questionMode: true,
  isFinalQuestionFlag: false,
  followUpMode: true,
  currentQuestionProvided: true,
  predefinedCount: 0,
  sessionIdProvided: true,
  action: null
}
ℹ️ [2025-08-27T13:11:07.675Z][/api/chat][7jtlm0su] session ready { currentSessionId: 'metzoz20lyh73cj343p', prevLen: 12, newLen: 13 }
ℹ️ [2025-08-27T13:11:07.675Z][/api/chat][7jtlm0su] orchestrator state {
  phase: 'main',
  mainIdx: 1,
  qNow: "I'd love to hear about your current work and how you got into it by job interviews?",
  allowedActions: [ 'ASK_FOLLOWUP', 'REQUEST_CLARIFY' ]
}
ℹ️ [2025-08-27T13:11:07.675Z][/api/chat][7jtlm0su] prompt stats {
  sysPromptLen: 1539,
  messagesCount: 14,
  lastUserPreview: 'school psychologist'
}
🔧 CORS: Origin allowed: https://privacy-demo-flame.vercel.app
🔧 CORS: Origin allowed: https://privacy-demo-flame.vercel.app
🔧 Request: POST /api/chat from origin: https://privacy-demo-flame.vercel.app
🔧 CORS Headers: {
  origin: 'https://privacy-demo-flame.vercel.app',
  'access-control-request-method': undefined,
  'access-control-request-headers': undefined,
  'user-agent': 'Mozilla/5.0 (Windows NT 10.0; Win64; x64) AppleWebKit/537.36 (KHTML, like Gecko) Chrome/132.0.0.0 Safari/537.36'
}
ℹ️ [2025-08-27T13:11:08.387Z][/api/chat][wtqbws1x] incoming params {
  hasMessage: true,
  step: 2,
  questionMode: true,
  isFinalQuestionFlag: false,
  followUpMode: true,
  currentQuestionProvided: true,
  predefinedCount: 0,
  sessionIdProvided: true,
  action: null
}
ℹ️ [2025-08-27T13:11:08.387Z][/api/chat][wtqbws1x] session ready { currentSessionId: 'metzqu857h6uycczme', prevLen: 4, newLen: 5 }
ℹ️ [2025-08-27T13:11:08.387Z][/api/chat][wtqbws1x] orchestrator state {
  phase: 'main',
  mainIdx: 0,
  qNow: 'Could you tell me about your educational background - what did you study in college or university?',
  allowedActions: [
    'ASK_FOLLOWUP',
    'REQUEST_CLARIFY',
    'SUMMARIZE_QUESTION',
    'NEXT_QUESTION'
  ]
}
ℹ️ [2025-08-27T13:11:08.387Z][/api/chat][wtqbws1x] prompt stats {
  sysPromptLen: 1574,
  messagesCount: 6,
  lastUserPreview: 'I completed a 4 year undergraduate program in 2004.'
}
ℹ️ [2025-08-27T13:11:09.084Z][/api/chat][7jtlm0su] executor completed {
  ms: 1409,
  aiResponsePreview: 'Thank you! Could you walk me through what the interview process was like for your current school psychologist position? For example, who was on the panel, what kinds of questions d'
}
⚠️ [2025-08-27T13:11:09.084Z][/api/chat][7jtlm0su] executor output not JSON; using raw text
isFinalQuestionValue false
ℹ️ [2025-08-27T13:11:10.548Z][/api/chat][wtqbws1x] executor completed {
  ms: 2161,
  aiResponsePreview: '{\n' +
    '  "action": "ASK_FOLLOWUP",\n' +
    '  "question_id": "educational_background_timeline",\n' +
    '  "utterance": "Thanks, Ebony. Was there a particular area within Business Management that you foc'
}
ℹ️ [2025-08-27T13:11:10.548Z][/api/chat][wtqbws1x] executor parsed {
  action: 'ASK_FOLLOWUP',
  question_id: 'educational_background_timeline',
  utterance: 'Thanks, Ebony. Was there a particular area within Business Management that you focused on, or any projects or experiences during your studies that stand out to you?',
  notes: [
    'Ebony Ward',
    'Business Management',
    '4-year undergraduate program',
    'completed in 2004'
  ]
}
isFinalQuestionValue false
🔍 Marking Q2_F1 as COVERED based on audit (2nd location)
🔍 Marking Q2_F2 as COVERED based on audit (2nd location)
Audit Result (Follow-up Coverage): {"question_id":"I'd love to hear about your current work and how you got into it by job interviews?","verdict":"REQUIRE_MORE","scores":null,"missing":["Q2_F3"],"notes":"Employer/company has not been explicitly asked or answered.","confidence":1,"followUpQuestions":["What is your current employer or company?"],"coverage_map":[{"id":"Q2_F1","covered":true,"evidence":"When did you start your current job and when did you do the interview?"},{"id":"Q2_F2","covered":true,"evidence":"What is your current job title?"},{"id":"Q2_F3","covered":false,"evidence":""}],"next_followup":{"id":"Q2_F3","prompt":"What is your current employer or company?"},"shouldProceed":false,"reason":"Employer/company has not been explicitly asked or answered."}
🔍 Follow-up retrieval debug: {
  question: "I'd love to hear about your current work and how y...",
  questionIndex: 1,
  followupsFound: 3,
  followupDetails: [
    { id: 'Q2_F1', prompt: 'When did you start your curren...' },
    { id: 'Q2_F2', prompt: 'What is your current job title...' },
    { id: 'Q2_F3', prompt: 'What is your current employer ...' }
  ]
}
[coverage] {
  q: "I'd love to hear about your current work and how y...",
  questionIndex: 1,
  totalFollowups: 3,
  followupIds: [ 'Q2_F1', 'Q2_F2', 'Q2_F3' ],
  covered: [ 'Q2_F1', 'Q2_F2' ],
  pending: [ 'Q2_F3' ],
  verdict: 'REQUIRE_MORE',
  auditCoverageMap: [
    {
      id: 'Q2_F1',
      covered: true,
      evidence: 'When did you start your current job and when did you do the interview?'
    },
    {
      id: 'Q2_F2',
      covered: true,
      evidence: 'What is your current job title?'
    },
    { id: 'Q2_F3', covered: false, evidence: '' }
  ]
}
🔍 Marking Q1_F1 as COVERED based on audit (2nd location)
Audit Result (Follow-up Coverage): {"question_id":"Could you tell me about your educational background - what did you study in college or university?","verdict":"REQUIRE_MORE","scores":null,"missing":["Q1_F2"],"notes":"Only the degree timeline follow-up has been explicitly asked and answered; location and influential person have not been directly addressed.","confidence":1,"followUpQuestions":["Where is your college or university located?"],"coverage_map":[{"id":"Q1_F1","covered":true,"evidence":"When did you start your degree and when did you finish?"},{"id":"Q1_F2","covered":false,"evidence":""},{"id":"Q1_F3","covered":false,"evidence":""}],"next_followup":{"id":"Q1_F2","prompt":"Where is your college or university located?"},"shouldProceed":false,"reason":"Only the degree timeline follow-up has been explicitly asked and answered; location and influential person have not been directly addressed."}
🔍 Follow-up retrieval debug: {
  question: 'Could you tell me about your educational backgroun...',
  questionIndex: 0,
  followupsFound: 3,
  followupDetails: [
    { id: 'Q1_F1', prompt: 'When did you start your degree...' },
    { id: 'Q1_F2', prompt: 'Where is your college or unive...' },
    { id: 'Q1_F3', prompt: 'Who comes to mind as someone y...' }
  ]
}
[coverage] {
  q: 'Could you tell me about your educational backgroun...',
  questionIndex: 0,
  totalFollowups: 3,
  followupIds: [ 'Q1_F1', 'Q1_F2', 'Q1_F3' ],
  covered: [ 'Q1_F1' ],
  pending: [ 'Q1_F2', 'Q1_F3' ],
  verdict: 'REQUIRE_MORE',
  auditCoverageMap: [
    {
      id: 'Q1_F1',
      covered: true,
      evidence: 'When did you start your degree and when did you finish?'
    },
    { id: 'Q1_F2', covered: false, evidence: '' },
    { id: 'Q1_F3', covered: false, evidence: '' }
  ]
}
🔧 CORS: Origin allowed: https://privacy-demo-flame.vercel.app
🔧 CORS: Origin allowed: https://privacy-demo-flame.vercel.app
🔧 Request: POST /api/chat from origin: https://privacy-demo-flame.vercel.app
🔧 CORS Headers: {
  origin: 'https://privacy-demo-flame.vercel.app',
  'access-control-request-method': undefined,
  'access-control-request-headers': undefined,
  'user-agent': 'Mozilla/5.0 (Macintosh; Intel Mac OS X 10_15_7) AppleWebKit/605.1.15 (KHTML, like Gecko) Version/18.6 Safari/605.1.15'
}
ℹ️ [2025-08-27T13:11:20.608Z][/api/chat][ghwo9i8t] incoming params {
  hasMessage: true,
  step: 9,
  questionMode: true,
  isFinalQuestionFlag: false,
  followUpMode: true,
  currentQuestionProvided: true,
  predefinedCount: 0,
  sessionIdProvided: true,
  action: null
}
ℹ️ [2025-08-27T13:11:20.608Z][/api/chat][ghwo9i8t] session ready { currentSessionId: 'metzoz20lyh73cj343p', prevLen: 14, newLen: 15 }
ℹ️ [2025-08-27T13:11:20.608Z][/api/chat][ghwo9i8t] orchestrator state {
  phase: 'main',
  mainIdx: 1,
  qNow: "I'd love to hear about your current work and how you got into it by job interviews?",
  allowedActions: [ 'ASK_FOLLOWUP', 'REQUEST_CLARIFY' ]
}
ℹ️ [2025-08-27T13:11:20.609Z][/api/chat][ghwo9i8t] prompt stats {
  sysPromptLen: 1539,
  messagesCount: 16,
  lastUserPreview: 'School system'
}
[poller] scanning (study=68adb0cb59d609257e432438)…
[poller] found 1 items to autosave (nocode=0, coded=0, mode=force-all)
🔧 CORS: Request with no origin, allowing
🔧 Request: POST /api/upload-to-s3 from origin: undefined
🔧 CORS Headers: {
  origin: undefined,
  'access-control-request-method': undefined,
  'access-control-request-headers': undefined,
  'user-agent': 'node'
}
✅ Uploaded exports/complete/68af02dec500d8744da29fbc.json (Mode: featured, PID: 65c10fc4bfa12f9fbcfda656)
↪︎ Legacy copy skipped (not-nocode)
[poller] uploaded → exports/complete/68af02dec500d8744da29fbc.json (coded) (PID=65c10fc4bfa12f9fbcfda656 study=68adb0cb59d609257e432438 sub=68af02dec500d8744da29fbc)
ℹ️ [2025-08-27T13:11:23.294Z][/api/chat][ghwo9i8t] executor completed {
  ms: 2685,
  aiResponsePreview: 'Thank you! Could you walk me through what the interview process was like for your current school psychologist position? For example, who was involved, what kinds of questions were '
}
⚠️ [2025-08-27T13:11:23.294Z][/api/chat][ghwo9i8t] executor output not JSON; using raw text
isFinalQuestionValue false
🔍 Marking Q2_F1 as COVERED based on audit (2nd location)
🔍 Marking Q2_F2 as COVERED based on audit (2nd location)
🔍 Marking Q2_F3 as COVERED based on audit (2nd location)
Audit Result (Follow-up Coverage): {"question_id":"I'd love to hear about your current work and how you got into it by job interviews?","verdict":"ALLOW_NEXT_QUESTION","scores":null,"missing":[],"notes":"All required follow-ups were explicitly asked and answered.","confidence":1,"followUpQuestions":null,"coverage_map":[{"id":"Q2_F1","covered":true,"evidence":"When did you start your current job and when did you do the interview?"},{"id":"Q2_F2","covered":true,"evidence":"What is your current job title?"},{"id":"Q2_F3","covered":true,"evidence":"What is your current employer or company?"}],"next_followup":null,"shouldProceed":true,"reason":"All required follow-ups were explicitly asked and answered."}
🔍 Follow-up retrieval debug: {
  question: "I'd love to hear about your current work and how y...",
  questionIndex: 1,
  followupsFound: 3,
  followupDetails: [
    { id: 'Q2_F1', prompt: 'When did you start your curren...' },
    { id: 'Q2_F2', prompt: 'What is your current job title...' },
    { id: 'Q2_F3', prompt: 'What is your current employer ...' }
  ]
}
[coverage] {
  q: "I'd love to hear about your current work and how y...",
  questionIndex: 1,
  totalFollowups: 3,
  followupIds: [ 'Q2_F1', 'Q2_F2', 'Q2_F3' ],
  covered: [ 'Q2_F1', 'Q2_F2', 'Q2_F3' ],
  pending: [],
  verdict: 'ALLOW_NEXT_QUESTION',
  auditCoverageMap: [
    {
      id: 'Q2_F1',
      covered: true,
      evidence: 'When did you start your current job and when did you do the interview?'
    },
    {
      id: 'Q2_F2',
      covered: true,
      evidence: 'What is your current job title?'
    },
    {
      id: 'Q2_F3',
      covered: true,
      evidence: 'What is your current employer or company?'
    }
  ]
}
Question Presence Audit Result: {"hasQuestion":true,"reason":"single, on-topic question about employer/company as per current topic keywords","confidence":1,"shouldRegenerate":false}
ℹ️ [2025-08-27T13:11:31.123Z][/api/chat][ghwo9i8t] presence audit {
  ms: 4921,
  hasQuestion: true,
  shouldRegenerate: false,
  reason: 'single, on-topic question about employer/company as per current topic keywords',
  confidence: 1
}
🔍 shouldAdvance check: {
  phase: 'main',
  mainIdx: 1,
  completionAuditVerdict: 'ALLOW_NEXT_QUESTION',
  hasSession: true,
  hasFollowupCoveredFn: true,
  questionPreview: "I'd love to hear about your current work and how y..."
}
🔍 areAllFollowupsCovered results: {
  question: "I'd love to hear about your current work and how y...",
  followupCount: 3,
  coverageResults: [
    { id: 'Q2_F1', covered: true },
    { id: 'Q2_F2', covered: true },
    { id: 'Q2_F3', covered: true }
  ],
  allCovered: true
}
🔍 Follow-up coverage check: {
  questionIndex: 1,
  allCovered: true,
  questionPreview: "I'd love to hear about your current work and how y..."
}
ℹ️ [2025-08-27T13:11:32.937Z][/api/chat][ghwo9i8t] main question advanced via audit {
  phase: 'main',
  mainIdx: 2,
  newAllowed: [
    'ASK_FOLLOWUP',
    'REQUEST_CLARIFY',
    'SUMMARIZE_QUESTION',
    'NEXT_QUESTION'
  ],
  nextQuestion: 'Can you walk me through a specific time when you used AI before and during job interviews?'
}
🔍 allowNextIfAuditPass check: {
  phase: 'main',
  mainIdx: 2,
  completionAuditVerdict: 'ALLOW_NEXT_QUESTION',
  wantsImmediateNext: true
}
ℹ️ [2025-08-27T13:11:32.937Z][/api/chat][ghwo9i8t] finalize response {
  questionCompleted: true,
  usedRegenerate: false,
  usedPolish: false,
  responsePreview: 'Appreciate the detail. Next question:\n' +
    'Can you walk me through a specific time when you used AI before and during job interviews?'
}
🔧 CORS: Origin allowed: https://privacy-demo-flame.vercel.app
🔧 CORS: Origin allowed: https://privacy-demo-flame.vercel.app
🔧 Request: POST /api/chat from origin: https://privacy-demo-flame.vercel.app
🔧 CORS Headers: {
  origin: 'https://privacy-demo-flame.vercel.app',
  'access-control-request-method': undefined,
  'access-control-request-headers': undefined,
  'user-agent': 'Mozilla/5.0 (Macintosh; Intel Mac OS X 10_15_7) AppleWebKit/605.1.15 (KHTML, like Gecko) Version/18.6 Safari/605.1.15'
}
ℹ️ [2025-08-27T13:11:55.903Z][/api/chat][s20erlc6] incoming params {
  hasMessage: true,
  step: 10,
  questionMode: true,
  isFinalQuestionFlag: false,
  followUpMode: true,
  currentQuestionProvided: true,
  predefinedCount: 0,
  sessionIdProvided: true,
  action: null
}
ℹ️ [2025-08-27T13:11:55.903Z][/api/chat][s20erlc6] session ready { currentSessionId: 'metzoz20lyh73cj343p', prevLen: 16, newLen: 17 }
ℹ️ [2025-08-27T13:11:55.903Z][/api/chat][s20erlc6] orchestrator state {
  phase: 'main',
  mainIdx: 2,
  qNow: 'Can you walk me through a specific time when you used AI before and during job interviews?',
  allowedActions: [ 'ASK_FOLLOWUP', 'REQUEST_CLARIFY' ]
}
ℹ️ [2025-08-27T13:11:55.903Z][/api/chat][s20erlc6] prompt stats {
  sysPromptLen: 1539,
  messagesCount: 18,
  lastUserPreview: 'I used it t help formulate questions for a new incoming psychologist'
}
ℹ️ [2025-08-27T13:11:57.324Z][/api/chat][s20erlc6] executor completed {
  ms: 1421,
  aiResponsePreview: 'That’s interesting! Could you walk me through the steps you took—what specific AI tool did you use, and how did you decide what kind of questions to generate for the interview?'
}
⚠️ [2025-08-27T13:11:57.325Z][/api/chat][s20erlc6] executor output not JSON; using raw text
isFinalQuestionValue false
Audit Result (Follow-up Coverage): {"question_id":"Can you walk me through a specific time when you used AI before and during job interviews?","verdict":"REQUIRE_MORE","scores":null,"missing":["Q3_F1"],"notes":"No explicit follow-up questions about timing, tools, or impact have been asked yet.","confidence":1,"followUpQuestions":["When exactly did you use AI around the interview timeline?"],"coverage_map":[{"id":"Q3_F1","covered":false,"evidence":""},{"id":"Q3_F2","covered":false,"evidence":""},{"id":"Q3_F3","covered":false,"evidence":""}],"next_followup":{"id":"Q3_F1","prompt":"When exactly did you use AI around the interview timeline?"},"shouldProceed":false,"reason":"No explicit follow-up questions about timing, tools, or impact have been asked yet."}
🔍 Follow-up retrieval debug: {
  question: 'Can you walk me through a specific time when you u...',
  questionIndex: 2,
  followupsFound: 3,
  followupDetails: [
    { id: 'Q3_F1', prompt: 'When exactly did you use AI ar...' },
    { id: 'Q3_F2', prompt: 'Which AI tools did you use and...' },
    { id: 'Q3_F3', prompt: 'How did you use AI and what di...' }
  ]
}
🔧 CORS: Origin allowed: https://privacy-demo-flame.vercel.app
🔧 CORS: Origin allowed: https://privacy-demo-flame.vercel.app
🔧 Request: POST /api/chat from origin: https://privacy-demo-flame.vercel.app
🔧 CORS Headers: {
  origin: 'https://privacy-demo-flame.vercel.app',
  'access-control-request-method': undefined,
  'access-control-request-headers': undefined,
  'user-agent': 'Mozilla/5.0 (Windows NT 10.0; Win64; x64) AppleWebKit/537.36 (KHTML, like Gecko) Chrome/132.0.0.0 Safari/537.36'
}
ℹ️ [2025-08-27T13:11:59.212Z][/api/chat][r59o1f87] incoming params {
  hasMessage: true,
  step: 3,
  questionMode: true,
  isFinalQuestionFlag: false,
  followUpMode: true,
  currentQuestionProvided: true,
  predefinedCount: 0,
  sessionIdProvided: true,
  action: null
}
ℹ️ [2025-08-27T13:11:59.212Z][/api/chat][r59o1f87] session ready { currentSessionId: 'metzqu857h6uycczme', prevLen: 6, newLen: 7 }
ℹ️ [2025-08-27T13:11:59.212Z][/api/chat][r59o1f87] orchestrator state {
  phase: 'main',
  mainIdx: 0,
  qNow: 'Could you tell me about your educational background - what did you study in college or university?',
  allowedActions: [
    'ASK_FOLLOWUP',
    'REQUEST_CLARIFY',
    'SUMMARIZE_QUESTION',
    'NEXT_QUESTION'
  ]
}
ℹ️ [2025-08-27T13:11:59.212Z][/api/chat][r59o1f87] prompt stats {
  sysPromptLen: 1574,
  messagesCount: 8,
  lastUserPreview: 'My school is within USA, Texas'
}
[coverage] {
  q: 'Can you walk me through a specific time when you u...',
  questionIndex: 2,
  totalFollowups: 3,
  followupIds: [ 'Q3_F1', 'Q3_F2', 'Q3_F3' ],
  covered: [],
  pending: [ 'Q3_F1', 'Q3_F2', 'Q3_F3' ],
  verdict: 'REQUIRE_MORE',
  auditCoverageMap: [
    { id: 'Q3_F1', covered: false, evidence: '' },
    { id: 'Q3_F2', covered: false, evidence: '' },
    { id: 'Q3_F3', covered: false, evidence: '' }
  ]
}
ℹ️ [2025-08-27T13:12:00.994Z][/api/chat][r59o1f87] executor completed {
  ms: 1782,
  aiResponsePreview: '{\n' +
    '  "action": "ASK_FOLLOWUP",\n' +
    '  "question_id": "CURRENT QUESTION",\n' +
    '  "utterance": "Did you have any particular focus or specialization within Business Management during your studie'
}
ℹ️ [2025-08-27T13:12:00.994Z][/api/chat][r59o1f87] executor parsed {
  action: 'ASK_FOLLOWUP',
  question_id: 'CURRENT QUESTION',
  utterance: 'Did you have any particular focus or specialization within Business Management during your studies, or any projects or experiences that stood out to you?',
  notes: [
    'Ebony Ward',
    'Business Management',
    '4-year undergraduate program',
    'completed in 2004',
    'school in Texas, USA'
  ]
}
isFinalQuestionValue false
🔍 Marking Q1_F1 as COVERED based on audit (2nd location)
🔍 Marking Q1_F2 as COVERED based on audit (2nd location)
Audit Result (Follow-up Coverage): {"question_id":"Could you tell me about your educational background - what did you study in college or university?","verdict":"REQUIRE_MORE","scores":null,"missing":["Q1_F3"],"notes":"The assistant has asked and received answers for the start/finish and location follow-ups, but has not yet asked about a person the user learned the most from.","confidence":1,"followUpQuestions":["Who comes to mind as someone you learned the most from during your degree? Naming a person can sometimes help you reflect more concretely on your experience."],"coverage_map":[{"id":"Q1_F1","covered":true,"evidence":"When did you start your degree and when did you finish?"},{"id":"Q1_F2","covered":true,"evidence":"Where is your college or university located?"},{"id":"Q1_F3","covered":false,"evidence":""}],"next_followup":{"id":"Q1_F3","prompt":"Who comes to mind as someone you learned the most from during your degree? Naming a person can sometimes help you reflect more concretely on your experience."},"shouldProceed":false,"reason":"The assistant has asked and received answers for the start/finish and location follow-ups, but has not yet asked about a person the user learned the most from."}
🔍 Follow-up retrieval debug: {
  question: 'Could you tell me about your educational backgroun...',
  questionIndex: 0,
  followupsFound: 3,
  followupDetails: [
    { id: 'Q1_F1', prompt: 'When did you start your degree...' },
    { id: 'Q1_F2', prompt: 'Where is your college or unive...' },
    { id: 'Q1_F3', prompt: 'Who comes to mind as someone y...' }
  ]
}
[coverage] {
  q: 'Could you tell me about your educational backgroun...',
  questionIndex: 0,
  totalFollowups: 3,
  followupIds: [ 'Q1_F1', 'Q1_F2', 'Q1_F3' ],
  covered: [ 'Q1_F1', 'Q1_F2' ],
  pending: [ 'Q1_F3' ],
  verdict: 'REQUIRE_MORE',
  auditCoverageMap: [
    {
      id: 'Q1_F1',
      covered: true,
      evidence: 'When did you start your degree and when did you finish?'
    },
    {
      id: 'Q1_F2',
      covered: true,
      evidence: 'Where is your college or university located?'
    },
    { id: 'Q1_F3', covered: false, evidence: '' }
  ]
}
🔧 CORS: Origin allowed: https://privacy-demo-flame.vercel.app
🔧 CORS: Origin allowed: https://privacy-demo-flame.vercel.app
🔧 Request: POST /api/chat from origin: https://privacy-demo-flame.vercel.app
🔧 CORS Headers: {
  origin: 'https://privacy-demo-flame.vercel.app',
  'access-control-request-method': undefined,
  'access-control-request-headers': undefined,
  'user-agent': 'Mozilla/5.0 (Macintosh; Intel Mac OS X 10_15_7) AppleWebKit/605.1.15 (KHTML, like Gecko) Version/18.6 Safari/605.1.15'
}
ℹ️ [2025-08-27T13:12:10.629Z][/api/chat][iuzz0gr9] incoming params {
  hasMessage: true,
  step: 11,
  questionMode: true,
  isFinalQuestionFlag: false,
  followUpMode: true,
  currentQuestionProvided: true,
  predefinedCount: 0,
  sessionIdProvided: true,
  action: null
}
ℹ️ [2025-08-27T13:12:10.629Z][/api/chat][iuzz0gr9] session ready { currentSessionId: 'metzoz20lyh73cj343p', prevLen: 18, newLen: 19 }
ℹ️ [2025-08-27T13:12:10.629Z][/api/chat][iuzz0gr9] orchestrator state {
  phase: 'main',
  mainIdx: 2,
  qNow: 'Can you walk me through a specific time when you used AI before and during job interviews?',
  allowedActions: [ 'ASK_FOLLOWUP', 'REQUEST_CLARIFY' ]
}
ℹ️ [2025-08-27T13:12:10.629Z][/api/chat][iuzz0gr9] prompt stats {
  sysPromptLen: 1539,
  messagesCount: 20,
  lastUserPreview: 'I started this in 2024'
}
ℹ️ [2025-08-27T13:12:12.306Z][/api/chat][iuzz0gr9] executor completed {
  ms: 1677,
  aiResponsePreview: 'That’s helpful, thank you. Can you describe the specific AI tool or platform you used to help formulate those interview questions?'
}
⚠️ [2025-08-27T13:12:12.306Z][/api/chat][iuzz0gr9] executor output not JSON; using raw text
isFinalQuestionValue false
🔍 Marking Q3_F1 as COVERED based on audit (2nd location)
Audit Result (Follow-up Coverage): {"question_id":"Can you walk me through a specific time when you used AI before and during job interviews?","verdict":"REQUIRE_MORE","scores":null,"missing":["Q3_F2"],"notes":"Q3_F1 was explicitly asked and answered. Q3_F2 is being prompted now but not yet answered. Q3_F3 has not been asked.","confidence":1,"followUpQuestions":["Which AI tools did you use and for what tasks?"],"coverage_map":[{"id":"Q3_F1","covered":true,"evidence":"When exactly did you use AI around the interview timeline?"},{"id":"Q3_F2","covered":false,"evidence":""},{"id":"Q3_F3","covered":false,"evidence":""}],"next_followup":{"id":"Q3_F2","prompt":"Which AI tools did you use and for what tasks?"},"shouldProceed":false,"reason":"Q3_F1 was explicitly asked and answered. Q3_F2 is being prompted now but not yet answered. Q3_F3 has not been asked."}
🔍 Follow-up retrieval debug: {
  question: 'Can you walk me through a specific time when you u...',
  questionIndex: 2,
  followupsFound: 3,
  followupDetails: [
    { id: 'Q3_F1', prompt: 'When exactly did you use AI ar...' },
    { id: 'Q3_F2', prompt: 'Which AI tools did you use and...' },
    { id: 'Q3_F3', prompt: 'How did you use AI and what di...' }
  ]
}
🔍 Detected user reluctance/no-experience but auto-skip is DISABLED: {
  cause: 'no_experience',
  reason: 'User has not yet experienced the use of AI in job interviews as it is in the future.',
  question: 'Can you walk me through a specific time when you u...',
  action: 'Continue asking follow-ups anyway'
}
[coverage] {
  q: 'Can you walk me through a specific time when you u...',
  questionIndex: 2,
  totalFollowups: 3,
  followupIds: [ 'Q3_F1', 'Q3_F2', 'Q3_F3' ],
  covered: [ 'Q3_F1' ],
  pending: [ 'Q3_F2', 'Q3_F3' ],
  verdict: 'REQUIRE_MORE',
  auditCoverageMap: [
    {
      id: 'Q3_F1',
      covered: true,
      evidence: 'When exactly did you use AI around the interview timeline?'
    },
    { id: 'Q3_F2', covered: false, evidence: '' },
    { id: 'Q3_F3', covered: false, evidence: '' }
  ]
}
🔧 CORS: Origin allowed: https://privacy-demo-flame.vercel.app
🔧 CORS: Origin allowed: https://privacy-demo-flame.vercel.app
🔧 Request: POST /api/chat from origin: https://privacy-demo-flame.vercel.app
🔧 CORS Headers: {
  origin: 'https://privacy-demo-flame.vercel.app',
  'access-control-request-method': undefined,
  'access-control-request-headers': undefined,
  'user-agent': 'Mozilla/5.0 (Macintosh; Intel Mac OS X 10_15_7) AppleWebKit/605.1.15 (KHTML, like Gecko) Version/18.6 Safari/605.1.15'
}
ℹ️ [2025-08-27T13:12:28.618Z][/api/chat][ouyk6k0r] incoming params {
  hasMessage: true,
  step: 12,
  questionMode: true,
  isFinalQuestionFlag: false,
  followUpMode: true,
  currentQuestionProvided: true,
  predefinedCount: 0,
  sessionIdProvided: true,
  action: null
}
ℹ️ [2025-08-27T13:12:28.618Z][/api/chat][ouyk6k0r] session ready { currentSessionId: 'metzoz20lyh73cj343p', prevLen: 20, newLen: 21 }
ℹ️ [2025-08-27T13:12:28.618Z][/api/chat][ouyk6k0r] orchestrator state {
  phase: 'main',
  mainIdx: 2,
  qNow: 'Can you walk me through a specific time when you used AI before and during job interviews?',
  allowedActions: [ 'ASK_FOLLOWUP', 'REQUEST_CLARIFY' ]
}
ℹ️ [2025-08-27T13:12:28.618Z][/api/chat][ouyk6k0r] prompt stats {
  sysPromptLen: 1539,
  messagesCount: 22,
  lastUserPreview: 'chat got. I asked for interview questions'
}
ℹ️ [2025-08-27T13:12:29.368Z][/api/chat][ouyk6k0r] executor completed {
  ms: 750,
  aiResponsePreview: 'Great, so you used ChatGPT to generate interview questions. Can you describe how you decided which AI-generated questions to use, and whether you made any changes to them before th'
}
⚠️ [2025-08-27T13:12:29.368Z][/api/chat][ouyk6k0r] executor output not JSON; using raw text
isFinalQuestionValue false
🔍 Marking Q3_F1 as COVERED based on audit (2nd location)
🔍 Marking Q3_F2 as COVERED based on audit (2nd location)
Audit Result (Follow-up Coverage): {"question_id":"Can you walk me through a specific time when you used AI before and during job interviews?","verdict":"REQUIRE_MORE","scores":null,"missing":["Q3_F3"],"notes":"The assistant has explicitly asked and received answers for when AI was used and which tool/tasks, but has not yet directly asked about how AI was used and its impact or difference.","confidence":1,"followUpQuestions":["How did you use AI and what difference did it make?"],"coverage_map":[{"id":"Q3_F1","covered":true,"evidence":"When exactly did you use AI around the interview timeline?"},{"id":"Q3_F2","covered":true,"evidence":"Which AI tools did you use and for what tasks?"},{"id":"Q3_F3","covered":false,"evidence":""}],"next_followup":{"id":"Q3_F3","prompt":"How did you use AI and what difference did it make?"},"shouldProceed":false,"reason":"The assistant has explicitly asked and received answers for when AI was used and which tool/tasks, but has not yet directly asked about how AI was used and its impact or difference."}
🔍 Follow-up retrieval debug: {
  question: 'Can you walk me through a specific time when you u...',
  questionIndex: 2,
  followupsFound: 3,
  followupDetails: [
    { id: 'Q3_F1', prompt: 'When exactly did you use AI ar...' },
    { id: 'Q3_F2', prompt: 'Which AI tools did you use and...' },
    { id: 'Q3_F3', prompt: 'How did you use AI and what di...' }
  ]
}
[coverage] {
  q: 'Can you walk me through a specific time when you u...',
  questionIndex: 2,
  totalFollowups: 3,
  followupIds: [ 'Q3_F1', 'Q3_F2', 'Q3_F3' ],
  covered: [ 'Q3_F1', 'Q3_F2' ],
  pending: [ 'Q3_F3' ],
  verdict: 'REQUIRE_MORE',
  auditCoverageMap: [
    {
      id: 'Q3_F1',
      covered: true,
      evidence: 'When exactly did you use AI around the interview timeline?'
    },
    {
      id: 'Q3_F2',
      covered: true,
      evidence: 'Which AI tools did you use and for what tasks?'
    },
    { id: 'Q3_F3', covered: false, evidence: '' }
  ]
}
🔧 CORS: Origin allowed: https://privacy-demo-flame.vercel.app
🔧 CORS: Origin allowed: https://privacy-demo-flame.vercel.app
🔧 Request: POST /api/chat from origin: https://privacy-demo-flame.vercel.app
🔧 CORS Headers: {
  origin: 'https://privacy-demo-flame.vercel.app',
  'access-control-request-method': undefined,
  'access-control-request-headers': undefined,
  'user-agent': 'Mozilla/5.0 (Windows NT 10.0; Win64; x64) AppleWebKit/537.36 (KHTML, like Gecko) Chrome/132.0.0.0 Safari/537.36'
}
ℹ️ [2025-08-27T13:12:49.082Z][/api/chat][oha1pk72] incoming params {
  hasMessage: true,
  step: 3,
  questionMode: true,
  isFinalQuestionFlag: false,
  followUpMode: true,
  currentQuestionProvided: true,
  predefinedCount: 0,
  sessionIdProvided: true,
  action: null
}
ℹ️ [2025-08-27T13:12:49.082Z][/api/chat][oha1pk72] session ready { currentSessionId: 'metzf9ialvzxp11621', prevLen: 0, newLen: 1 }
ℹ️ [2025-08-27T13:12:49.082Z][/api/chat][oha1pk72] orchestrator state {
  phase: 'main',
  mainIdx: 0,
  qNow: 'Could you tell me about your educational background - what did you study in college or university?',
  allowedActions: [
    'ASK_FOLLOWUP',
    'REQUEST_CLARIFY',
    'SUMMARIZE_QUESTION',
    'NEXT_QUESTION'
  ]
}
ℹ️ [2025-08-27T13:12:49.082Z][/api/chat][oha1pk72] prompt stats {
  sysPromptLen: 1574,
  messagesCount: 2,
  lastUserPreview: 'I studied Business Administration and I learnt a lot about how businesses are carried out, the planning, budgeting and p'
}
🔧 CORS: Origin allowed: https://privacy-demo-flame.vercel.app
🔧 CORS: Origin allowed: https://privacy-demo-flame.vercel.app
🔧 Request: POST /api/chat from origin: https://privacy-demo-flame.vercel.app
🔧 CORS Headers: {
  origin: 'https://privacy-demo-flame.vercel.app',
  'access-control-request-method': undefined,
  'access-control-request-headers': undefined,
  'user-agent': 'Mozilla/5.0 (Macintosh; Intel Mac OS X 10_15_7) AppleWebKit/605.1.15 (KHTML, like Gecko) Version/18.6 Safari/605.1.15'
}
ℹ️ [2025-08-27T13:12:59.163Z][/api/chat][1vb0sr1s] incoming params {
  hasMessage: true,
  step: 13,
  questionMode: true,
  isFinalQuestionFlag: false,
  followUpMode: true,
  currentQuestionProvided: true,
  predefinedCount: 0,
  sessionIdProvided: true,
  action: null
}
ℹ️ [2025-08-27T13:12:59.163Z][/api/chat][1vb0sr1s] session ready { currentSessionId: 'metzoz20lyh73cj343p', prevLen: 22, newLen: 23 }
ℹ️ [2025-08-27T13:12:59.163Z][/api/chat][1vb0sr1s] orchestrator state {
  phase: 'main',
  mainIdx: 2,
  qNow: 'Can you walk me through a specific time when you used AI before and during job interviews?',
  allowedActions: [ 'ASK_FOLLOWUP', 'REQUEST_CLARIFY' ]
}
ℹ️ [2025-08-27T13:12:59.163Z][/api/chat][1vb0sr1s] prompt stats {
  sysPromptLen: 1539,
  messagesCount: 24,
  lastUserPreview: 'It helped to clarify more appropriate interview questions'
}
ℹ️ [2025-08-27T13:12:59.927Z][/api/chat][1vb0sr1s] executor completed {
  ms: 764,
  aiResponsePreview: 'That’s interesting—could you describe a specific moment or example where ChatGPT helped you improve or rephrase a question you were planning to ask?'
⚠️ [2025-08-27T13:12:59.928Z][/api/chat][1vb0sr1s] executor output not JSON; using raw text
}
isFinalQuestionValue false
🔍 Marking Q3_F1 as COVERED based on audit (2nd location)
🔍 Marking Q3_F2 as COVERED based on audit (2nd location)
🔍 Marking Q3_F3 as COVERED based on audit (2nd location)
Audit Result (Follow-up Coverage): {"question_id":"Can you walk me through a specific time when you used AI before and during job interviews?","verdict":"ALLOW_NEXT_QUESTION","scores":null,"missing":[],"notes":"All required follow-ups were explicitly asked and answered.","confidence":1,"followUpQuestions":null,"coverage_map":[{"id":"Q3_F1","covered":true,"evidence":"When exactly did you use AI around the interview timeline?"},{"id":"Q3_F2","covered":true,"evidence":"Which AI tools did you use and for what tasks?"},{"id":"Q3_F3","covered":true,"evidence":"How did you use AI and what difference did it make?"}],"next_followup":null,"shouldProceed":true,"reason":"All required follow-ups were explicitly asked and answered."}
🔍 Follow-up retrieval debug: {
  question: 'Can you walk me through a specific time when you u...',
  questionIndex: 2,
  followupsFound: 3,
  followupDetails: [
    { id: 'Q3_F1', prompt: 'When exactly did you use AI ar...' },
    { id: 'Q3_F2', prompt: 'Which AI tools did you use and...' },
    { id: 'Q3_F3', prompt: 'How did you use AI and what di...' }
  ]
}
[coverage] {
  q: 'Can you walk me through a specific time when you u...',
  questionIndex: 2,
  totalFollowups: 3,
  followupIds: [ 'Q3_F1', 'Q3_F2', 'Q3_F3' ],
  covered: [ 'Q3_F1', 'Q3_F2', 'Q3_F3' ],
  pending: [],
  verdict: 'ALLOW_NEXT_QUESTION',
  auditCoverageMap: [
    {
      id: 'Q3_F1',
      covered: true,
      evidence: 'When exactly did you use AI around the interview timeline?'
    },
    {
      id: 'Q3_F2',
      covered: true,
      evidence: 'Which AI tools did you use and for what tasks?'
    },
    {
      id: 'Q3_F3',
      covered: true,
      evidence: 'How did you use AI and what difference did it make?'
    }
  ]
}
Question Presence Audit Result: {"hasQuestion":false,"reason":"no question in follow-up mode","confidence":1,"shouldRegenerate":true}
ℹ️ [2025-08-27T13:13:03.727Z][/api/chat][1vb0sr1s] presence audit {
  ms: 1003,
  hasQuestion: false,
  shouldRegenerate: true,
  reason: 'no question in follow-up mode',
  confidence: 1
}
ℹ️ [2025-08-27T13:13:04.865Z][/api/chat][1vb0sr1s] regenerated response used {
  ms: 1138,
  aiResponsePreview: 'Can you share a specific example from 2024 where ChatGPT helped you clarify or improve an interview question, and what impact did that have on your interview pe'
}
🔍 shouldAdvance check: {
  phase: 'main',
  mainIdx: 2,
  completionAuditVerdict: 'ALLOW_NEXT_QUESTION',
  hasSession: true,
  hasFollowupCoveredFn: true,
  questionPreview: 'Can you walk me through a specific time when you u...'
}
🔍 areAllFollowupsCovered results: {
  question: 'Can you walk me through a specific time when you u...',
  followupCount: 3,
  coverageResults: [
    { id: 'Q3_F1', covered: true },
    { id: 'Q3_F2', covered: true },
    { id: 'Q3_F3', covered: true }
  ],
  allCovered: true
}
🔍 Follow-up coverage check: {
  questionIndex: 2,
  allCovered: true,
  questionPreview: 'Can you walk me through a specific time when you u...'
}
ℹ️ [2025-08-27T13:13:06.255Z][/api/chat][1vb0sr1s] main question advanced via audit {
  phase: 'main',
  mainIdx: 3,
  newAllowed: [
    'ASK_FOLLOWUP',
    'REQUEST_CLARIFY',
    'SUMMARIZE_QUESTION',
    'NEXT_QUESTION'
  ],
  nextQuestion: 'Did you ever have a moment when using AI during your job search made you nervous — like it might cause a problem? Could you tell me about that? '
}
🔍 allowNextIfAuditPass check: {
  phase: 'main',
  mainIdx: 3,
  completionAuditVerdict: 'ALLOW_NEXT_QUESTION',
  wantsImmediateNext: true
}
ℹ️ [2025-08-27T13:13:06.255Z][/api/chat][1vb0sr1s] finalize response {
  questionCompleted: true,
  usedRegenerate: true,
  usedPolish: false,
  responsePreview: 'Appreciate the detail. Next question:\n' +
    'Did you ever have a moment when using AI during your job search made you nervous — like it might cause a problem? Could you tell me about that?'
}
🔧 CORS: Origin allowed: https://privacy-demo-flame.vercel.app
🔧 CORS: Origin allowed: https://privacy-demo-flame.vercel.app
🔧 Request: POST /api/chat from origin: https://privacy-demo-flame.vercel.app
🔧 CORS Headers: {
  origin: 'https://privacy-demo-flame.vercel.app',
  'access-control-request-method': undefined,
  'access-control-request-headers': undefined,
  'user-agent': 'Mozilla/5.0 (Macintosh; Intel Mac OS X 10_15_7) AppleWebKit/605.1.15 (KHTML, like Gecko) Version/18.6 Safari/605.1.15'
}
ℹ️ [2025-08-27T13:13:27.280Z][/api/chat][feh8nm9f] incoming params {
  hasMessage: true,
  step: 14,
  questionMode: true,
  isFinalQuestionFlag: false,
  followUpMode: true,
  currentQuestionProvided: true,
  predefinedCount: 0,
  sessionIdProvided: true,
  action: null
}
ℹ️ [2025-08-27T13:13:27.280Z][/api/chat][feh8nm9f] session ready { currentSessionId: 'metzoz20lyh73cj343p', prevLen: 24, newLen: 25 }
ℹ️ [2025-08-27T13:13:27.280Z][/api/chat][feh8nm9f] orchestrator state {
  phase: 'main',
  mainIdx: 3,
  qNow: 'Did you ever have a moment when using AI during your job search made you nervous — like it might cause a problem? Could you tell me about that? ',
  allowedActions: [ 'ASK_FOLLOWUP', 'REQUEST_CLARIFY' ]
}
ℹ️ [2025-08-27T13:13:27.281Z][/api/chat][feh8nm9f] prompt stats {
  sysPromptLen: 1539,
  messagesCount: 26,
  lastUserPreview: 'no, I ws comfortable with it all'
}
ℹ️ [2025-08-27T13:13:29.547Z][/api/chat][feh8nm9f] executor completed {
  ms: 2266,
  aiResponsePreview: '{\n' +
    '  "action": "SUMMARIZE_QUESTION",\n' +
    '  "question_id": "Did you ever have a moment when using AI during your job search made you nervous — like it might cause a problem? Could you te'
}
ℹ️ [2025-08-27T13:13:29.548Z][/api/chat][feh8nm9f] executor parsed {
  action: 'REQUEST_CLARIFY',
  question_id: 'Did you ever have a moment when using AI during your job search made you nervous — like it might cause a problem? Could you tell me about that?',
  utterance: 'You mentioned you never felt nervous or uncomfortable using AI during your job search or interview process, and felt comfortable with it throughout.',
  notes: [
    'No nervousness or discomfort using AI',
    'Felt comfortable with AI use in job search/interviews'
  ]
}
isFinalQuestionValue false
Audit Result (Follow-up Coverage): {"question_id":"Did you ever have a moment when using AI during your job search made you nervous — like it might cause a problem? Could you tell me about that?","verdict":"REQUIRE_MORE","scores":null,"missing":["Q4_F1"],"notes":"User said they never felt nervous, so follow-ups about timing, tools, and impact of a nervous moment have not been asked or answered.","confidence":1,"followUpQuestions":["Do you remember at what time that happened?"],"coverage_map":[{"id":"Q4_F1","covered":false,"evidence":""},{"id":"Q4_F2","covered":false,"evidence":""},{"id":"Q4_F3","covered":false,"evidence":""}],"next_followup":{"id":"Q4_F1","prompt":"Do you remember at what time that happened?"},"shouldProceed":false,"reason":"User said they never felt nervous, so follow-ups about timing, tools, and impact of a nervous moment have not been asked or answered."}
🔍 Follow-up retrieval debug: {
  question: 'Did you ever have a moment when using AI during yo...',
  questionIndex: 3,
  followupsFound: 3,
  followupDetails: [
    { id: 'Q4_F1', prompt: 'Do you remember at what time t...' },
    { id: 'Q4_F2', prompt: 'Which AI tools did you use and...' },
    { id: 'Q4_F3', prompt: 'Could you tell me more about w...' }
  ]
}
🔍 Detected user reluctance/no-experience but auto-skip is DISABLED: {
  cause: 'no_experience',
  reason: 'User did not experience any nervousness or problems while using AI during their job search.',
  question: 'Did you ever have a moment when using AI during yo...',
  action: 'Continue asking follow-ups anyway'
}
[coverage] {
  q: 'Did you ever have a moment when using AI during yo...',
  questionIndex: 3,
  totalFollowups: 3,
  followupIds: [ 'Q4_F1', 'Q4_F2', 'Q4_F3' ],
  covered: [],
  pending: [ 'Q4_F1', 'Q4_F2', 'Q4_F3' ],
  verdict: 'REQUIRE_MORE',
  auditCoverageMap: [
    { id: 'Q4_F1', covered: false, evidence: '' },
    { id: 'Q4_F2', covered: false, evidence: '' },
    { id: 'Q4_F3', covered: false, evidence: '' }
  ]
}
🔧 CORS: Origin allowed: https://privacy-demo-flame.vercel.app
🔧 CORS: Origin allowed: https://privacy-demo-flame.vercel.app
🔧 Request: POST /api/chat from origin: https://privacy-demo-flame.vercel.app
🔧 CORS Headers: {
  origin: 'https://privacy-demo-flame.vercel.app',
  'access-control-request-method': undefined,
  'access-control-request-headers': undefined,
  'user-agent': 'Mozilla/5.0 (Macintosh; Intel Mac OS X 10_15_7) AppleWebKit/605.1.15 (KHTML, like Gecko) Version/18.6 Safari/605.1.15'
}
ℹ️ [2025-08-27T13:14:03.531Z][/api/chat][yvhne5i0] incoming params {
  hasMessage: true,
  step: 15,
  questionMode: true,
  isFinalQuestionFlag: false,
  followUpMode: true,
  currentQuestionProvided: true,
  predefinedCount: 0,
  sessionIdProvided: true,
  action: null
}
ℹ️ [2025-08-27T13:14:03.531Z][/api/chat][yvhne5i0] session ready { currentSessionId: 'metzoz20lyh73cj343p', prevLen: 26, newLen: 27 }
ℹ️ [2025-08-27T13:14:03.531Z][/api/chat][yvhne5i0] orchestrator state {
  phase: 'main',
  mainIdx: 3,
  qNow: 'Did you ever have a moment when using AI during your job search made you nervous — like it might cause a problem? Could you tell me about that? ',
  allowedActions: [ 'ASK_FOLLOWUP', 'REQUEST_CLARIFY' ]
}
ℹ️ [2025-08-27T13:14:03.531Z][/api/chat][yvhne5i0] prompt stats {
  sysPromptLen: 1539,
  messagesCount: 28,
  lastUserPreview: 'yes, it went smoothly. no issues'
}
ℹ️ [2025-08-27T13:14:05.315Z][/api/chat][yvhne5i0] executor completed {
  ms: 1784,
  aiResponsePreview: '{\n' +
    '  "action": "SUMMARIZE_QUESTION",\n' +
    '  "question_id": "Did you ever have a moment when using AI during your job search made you nervous — like it might cause a problem? Could you te'
}
ℹ️ [2025-08-27T13:14:05.315Z][/api/chat][yvhne5i0] executor parsed {
  action: 'REQUEST_CLARIFY',
  question_id: 'Did you ever have a moment when using AI during your job search made you nervous — like it might cause a problem? Could you tell me about that?',
  utterance: 'You shared that you felt comfortable using AI during your job search and interview process, with no moments of nervousness or issues arising.',
  notes: [ 'No nervousness or problems using AI', 'Process went smoothly' ]
}
isFinalQuestionValue false
🔍 Marking Q4_F1 as COVERED based on audit (2nd location)
🔍 Marking Q4_F2 as COVERED based on audit (2nd location)
Audit Result (Follow-up Coverage): {"question_id":"Did you ever have a moment when using AI during your job search made you nervous — like it might cause a problem? Could you tell me about that?","verdict":"REQUIRE_MORE","scores":null,"missing":["Q4_F3"],"notes":"Q4_F3 was not explicitly asked; the user's comfort was acknowledged but not probed for impact or worry.","confidence":0.95,"followUpQuestions":["Could you tell me more about what impact that had on you at the time? Was it an actual issue, or more of a worry?"],"coverage_map":[{"id":"Q4_F1","covered":true,"evidence":"Do you remember at what time that happened?"},{"id":"Q4_F2","covered":true,"evidence":"Which AI tools did you use and for what tasks?"},{"id":"Q4_F3","covered":false,"evidence":""}],"next_followup":{"id":"Q4_F3","prompt":"Could you tell me more about what impact that had on you at the time? Was it an actual issue, or more of a worry?"},"shouldProceed":false,"reason":"Q4_F3 was not explicitly asked; the user's comfort was acknowledged but not probed for impact or worry."}
🔍 Follow-up retrieval debug: {
  question: 'Did you ever have a moment when using AI during yo...',
  questionIndex: 3,
  followupsFound: 3,
  followupDetails: [
    { id: 'Q4_F1', prompt: 'Do you remember at what time t...' },
    { id: 'Q4_F2', prompt: 'Which AI tools did you use and...' },
    { id: 'Q4_F3', prompt: 'Could you tell me more about w...' }
  ]
}
🔍 Detected user reluctance/no-experience but auto-skip is DISABLED: {
  cause: 'no_experience',
  reason: 'User did not experience any nervous moments while using AI during their job search.',
  question: 'Did you ever have a moment when using AI during yo...',
  action: 'Continue asking follow-ups anyway'
}
[coverage] {
  q: 'Did you ever have a moment when using AI during yo...',
  questionIndex: 3,
  totalFollowups: 3,
  followupIds: [ 'Q4_F1', 'Q4_F2', 'Q4_F3' ],
  covered: [ 'Q4_F1', 'Q4_F2' ],
  pending: [ 'Q4_F3' ],
  verdict: 'REQUIRE_MORE',
  auditCoverageMap: [
    {
      id: 'Q4_F1',
      covered: true,
      evidence: 'Do you remember at what time that happened?'
    },
    {
      id: 'Q4_F2',
      covered: true,
      evidence: 'Which AI tools did you use and for what tasks?'
    },
    { id: 'Q4_F3', covered: false, evidence: '' }
  ]
}
🔧 CORS: Origin allowed: https://privacy-demo-flame.vercel.app
🔧 CORS: Origin allowed: https://privacy-demo-flame.vercel.app
🔧 Request: POST /api/chat from origin: https://privacy-demo-flame.vercel.app
🔧 CORS Headers: {
  origin: 'https://privacy-demo-flame.vercel.app',
  'access-control-request-method': undefined,
  'access-control-request-headers': undefined,
  'user-agent': 'Mozilla/5.0 (Windows NT 10.0; Win64; x64) AppleWebKit/537.36 (KHTML, like Gecko) Chrome/132.0.0.0 Safari/537.36'
}
ℹ️ [2025-08-27T13:14:39.790Z][/api/chat][qcxvpje4] incoming params {
  hasMessage: true,
  step: 4,
  questionMode: true,
  isFinalQuestionFlag: false,
  followUpMode: true,
  currentQuestionProvided: true,
  predefinedCount: 0,
  sessionIdProvided: true,
  action: null
}
ℹ️ [2025-08-27T13:14:39.790Z][/api/chat][qcxvpje4] session ready { currentSessionId: 'metzf9ialvzxp11621', prevLen: 2, newLen: 3 }
ℹ️ [2025-08-27T13:14:39.790Z][/api/chat][qcxvpje4] orchestrator state {
  phase: 'main',
  mainIdx: 0,
  qNow: 'Could you tell me about your educational background - what did you study in college or university?',
  allowedActions: [
    'ASK_FOLLOWUP',
    'REQUEST_CLARIFY',
    'SUMMARIZE_QUESTION',
    'NEXT_QUESTION'
  ]
}
ℹ️ [2025-08-27T13:14:39.791Z][/api/chat][qcxvpje4] prompt stats {
  sysPromptLen: 1574,
  messagesCount: 4,
  lastUserPreview: 'For my background, I grew up in Newark new Jersey and I studied Business Administration in the University.'
}
ℹ️ [2025-08-27T13:14:41.569Z][/api/chat][qcxvpje4] executor completed {
  ms: 1778,
  aiResponsePreview: '{\n' +
    '  "action": "ASK_FOLLOWUP",\n' +
    '  "question_id": "educational_background",\n' +
    '  "utterance": "Thanks for sharing that! Was there a particular area within Business Administration—like ma'
}
ℹ️ [2025-08-27T13:14:41.569Z][/api/chat][qcxvpje4] executor parsed {
  action: 'ASK_FOLLOWUP',
  question_id: 'educational_background',
  utterance: 'Thanks for sharing that! Was there a particular area within Business Administration—like marketing, finance, or management—that you found especially interesting or challenging during your studies? Any memorable project or class that stands out?',
  notes: [
    'Grew up in Newark, New Jersey',
    'Studied Business Administration at university'
  ]
}
isFinalQuestionValue false
Audit Result (Follow-up Coverage): {"question_id":"Could you tell me about your educational background - what did you study in college or university?","verdict":"REQUIRE_MORE","scores":null,"missing":["Q1_F1"],"notes":"None of the required follow-ups have been explicitly asked yet.","confidence":1,"followUpQuestions":["When did you start your degree and when did you finish?"],"coverage_map":[{"id":"Q1_F1","covered":false,"evidence":""},{"id":"Q1_F2","covered":false,"evidence":""},{"id":"Q1_F3","covered":false,"evidence":""}],"next_followup":{"id":"Q1_F1","prompt":"When did you start your degree and when did you finish?"},"shouldProceed":false,"reason":"None of the required follow-ups have been explicitly asked yet."}
🔍 Follow-up retrieval debug: {
  question: 'Could you tell me about your educational backgroun...',
  questionIndex: 0,
  followupsFound: 3,
  followupDetails: [
    { id: 'Q1_F1', prompt: 'When did you start your degree...' },
    { id: 'Q1_F2', prompt: 'Where is your college or unive...' },
    { id: 'Q1_F3', prompt: 'Who comes to mind as someone y...' }
  ]
}
[coverage] {
  q: 'Could you tell me about your educational backgroun...',
  questionIndex: 0,
  totalFollowups: 3,
  followupIds: [ 'Q1_F1', 'Q1_F2', 'Q1_F3' ],
  covered: [],
  pending: [ 'Q1_F1', 'Q1_F2', 'Q1_F3' ],
  verdict: 'REQUIRE_MORE',
  auditCoverageMap: [
    { id: 'Q1_F1', covered: false, evidence: '' },
    { id: 'Q1_F2', covered: false, evidence: '' },
    { id: 'Q1_F3', covered: false, evidence: '' }
  ]
}
🔧 CORS: Origin allowed: https://privacy-demo-flame.vercel.app
🔧 CORS: Origin allowed: https://privacy-demo-flame.vercel.app
🔧 Request: POST /api/chat from origin: https://privacy-demo-flame.vercel.app
🔧 CORS Headers: {
  origin: 'https://privacy-demo-flame.vercel.app',
  'access-control-request-method': undefined,
  'access-control-request-headers': undefined,
  'user-agent': 'Mozilla/5.0 (Macintosh; Intel Mac OS X 10_15_7) AppleWebKit/605.1.15 (KHTML, like Gecko) Version/18.6 Safari/605.1.15'
}
ℹ️ [2025-08-27T13:15:00.494Z][/api/chat][cpvmy9tv] incoming params {
  hasMessage: true,
  step: 16,
  questionMode: true,
  isFinalQuestionFlag: false,
  followUpMode: true,
  currentQuestionProvided: true,
  predefinedCount: 0,
  sessionIdProvided: true,
  action: null
}
ℹ️ [2025-08-27T13:15:00.494Z][/api/chat][cpvmy9tv] session ready { currentSessionId: 'metzoz20lyh73cj343p', prevLen: 28, newLen: 29 }
ℹ️ [2025-08-27T13:15:00.494Z][/api/chat][cpvmy9tv] orchestrator state {
  phase: 'main',
  mainIdx: 3,
  qNow: 'Did you ever have a moment when using AI during your job search made you nervous — like it might cause a problem? Could you tell me about that? ',
  allowedActions: [ 'ASK_FOLLOWUP', 'REQUEST_CLARIFY' ]
}
ℹ️ [2025-08-27T13:15:00.494Z][/api/chat][cpvmy9tv] prompt stats {
  sysPromptLen: 1539,
  messagesCount: 30,
  lastUserPreview: 'It was very helpful. I got a lot of useful information from the AI'
}
ℹ️ [2025-08-27T13:15:04.215Z][/api/chat][cpvmy9tv] executor completed {
  ms: 3721,
  aiResponsePreview: '{\n' +
    '  "action": "SUMMARIZE_QUESTION",\n' +
    '  "question_id": "Did you ever have a moment when using AI during your job search made you nervous — like it might cause a problem? Could you te'
}
ℹ️ [2025-08-27T13:15:04.215Z][/api/chat][cpvmy9tv] executor parsed {
  action: 'REQUEST_CLARIFY',
  question_id: 'Did you ever have a moment when using AI during your job search made you nervous — like it might cause a problem? Could you tell me about that?',
  utterance: 'You shared that you felt comfortable using AI during your job search and interview process, with no moments of nervousness or concern. In fact, you found the AI very helpful and informative.',
  notes: [
    'No nervousness or problems using AI',
    'AI was helpful and provided useful information'
  ]
}
isFinalQuestionValue false
🔍 Marking Q4_F1 as COVERED based on audit (2nd location)
🔍 Marking Q4_F2 as COVERED based on audit (2nd location)
🔍 Marking Q4_F3 as COVERED based on audit (2nd location)
Audit Result (Follow-up Coverage): {"question_id":"Did you ever have a moment when using AI during your job search made you nervous — like it might cause a problem? Could you tell me about that?","verdict":"ALLOW_NEXT_QUESTION","scores":null,"missing":[],"notes":"All required follow-ups were explicitly asked and answered, even though the user repeatedly confirmed there were no issues.","confidence":1,"followUpQuestions":null,"coverage_map":[{"id":"Q4_F1","covered":true,"evidence":"Do you remember at what time that happened?"},{"id":"Q4_F2","covered":true,"evidence":"Which AI tools did you use and for what tasks?"},{"id":"Q4_F3","covered":true,"evidence":"Could you tell me more about what impact that had on you at the time? Was it an actual issue, or more of a worry?"}],"next_followup":null,"shouldProceed":true,"reason":"All required follow-ups were explicitly asked and answered, even though the user repeatedly confirmed there were no issues."}
🔍 Follow-up retrieval debug: {
  question: 'Did you ever have a moment when using AI during yo...',
  questionIndex: 3,
  followupsFound: 3,
  followupDetails: [
    { id: 'Q4_F1', prompt: 'Do you remember at what time t...' },
    { id: 'Q4_F2', prompt: 'Which AI tools did you use and...' },
    { id: 'Q4_F3', prompt: 'Could you tell me more about w...' }
  ]
}
🔍 Detected user reluctance/no-experience but auto-skip is DISABLED: {
  cause: 'no_experience',
  reason: 'User did not experience any nervous moments while using AI during their job search.',
  question: 'Did you ever have a moment when using AI during yo...',
  action: 'Continue asking follow-ups anyway'
}
[coverage] {
  q: 'Did you ever have a moment when using AI during yo...',
  questionIndex: 3,
  totalFollowups: 3,
  followupIds: [ 'Q4_F1', 'Q4_F2', 'Q4_F3' ],
  covered: [ 'Q4_F1', 'Q4_F2', 'Q4_F3' ],
  pending: [],
  verdict: 'ALLOW_NEXT_QUESTION',
  auditCoverageMap: [
    {
      id: 'Q4_F1',
      covered: true,
      evidence: 'Do you remember at what time that happened?'
    },
    {
      id: 'Q4_F2',
      covered: true,
      evidence: 'Which AI tools did you use and for what tasks?'
    },
    {
      id: 'Q4_F3',
      covered: true,
      evidence: 'Could you tell me more about what impact that had on you at the time? Was it an actual issue, or more of a worry?'
    }
  ]
}
Question Presence Audit Result: {"hasQuestion":false,"reason":"no question present in follow-up mode","confidence":1,"shouldRegenerate":true}
ℹ️ [2025-08-27T13:15:08.664Z][/api/chat][cpvmy9tv] presence audit {
  ms: 919,
  hasQuestion: false,
  shouldRegenerate: true,
  reason: 'no question present in follow-up mode',
  confidence: 1
}
ℹ️ [2025-08-27T13:15:09.553Z][/api/chat][cpvmy9tv] regenerated response used {
  ms: 889,
  aiResponsePreview: 'Did you ever worry that using AI tools like ChatGPT or Grammarly for your resume or cover letter might get flagged by HR or a recruiter for policy violations or'
}
🔍 shouldAdvance check: {
  phase: 'main',
  mainIdx: 3,
  completionAuditVerdict: 'ALLOW_NEXT_QUESTION',
  hasSession: true,
  hasFollowupCoveredFn: true,
  questionPreview: 'Did you ever have a moment when using AI during yo...'
}
🔍 areAllFollowupsCovered results: {
  question: 'Did you ever have a moment when using AI during yo...',
  followupCount: 3,
  coverageResults: [
    { id: 'Q4_F1', covered: true },
    { id: 'Q4_F2', covered: true },
    { id: 'Q4_F3', covered: true }
  ],
  allCovered: true
}
🔍 Follow-up coverage check: {
  questionIndex: 3,
  allCovered: true,
  questionPreview: 'Did you ever have a moment when using AI during yo...'
}
ℹ️ [2025-08-27T13:15:10.662Z][/api/chat][cpvmy9tv] main question advanced via audit {
  phase: 'main',
  mainIdx: 4,
  newAllowed: [
    'ASK_FOLLOWUP',
    'REQUEST_CLARIFY',
    'SUMMARIZE_QUESTION',
    'NEXT_QUESTION'
  ],
  nextQuestion: 'Did you ever find yourself questioning whether your use of AI in interviews was fully appropriate? If so, what led to that feeling?'
}
🔍 allowNextIfAuditPass check: {
  phase: 'main',
  mainIdx: 4,
  completionAuditVerdict: 'ALLOW_NEXT_QUESTION',
  wantsImmediateNext: true
}
ℹ️ [2025-08-27T13:15:10.662Z][/api/chat][cpvmy9tv] finalize response {
  questionCompleted: true,
  usedRegenerate: true,
  usedPolish: false,
  responsePreview: 'Thanks—that helps. Next question:\n' +
    'Did you ever find yourself questioning whether your use of AI in interviews was fully appropriate? If so, what led to that feeling?'
}
🔧 CORS: Origin allowed: https://privacy-demo-flame.vercel.app
🔧 CORS: Origin allowed: https://privacy-demo-flame.vercel.app
🔧 Request: POST /api/upload-to-s3 from origin: https://privacy-demo-flame.vercel.app
🔧 CORS Headers: {
  origin: 'https://privacy-demo-flame.vercel.app',
  'access-control-request-method': undefined,
  'access-control-request-headers': undefined,
  'user-agent': 'Mozilla/5.0 (Macintosh; Intel Mac OS X 10_15_7) AppleWebKit/605.1.15 (KHTML, like Gecko) Version/18.6 Safari/605.1.15'
}
🔒 Consent not given - replacing conversation logs with placeholders
✅ Uploaded exports/Partial_2025-08-27T13-15-12-348Z_60fd6618f9a377f54dcdf318_featured_Ignored.json (Mode: featured, PID: 60fd6618f9a377f54dcdf318)
↪︎ Legacy copy skipped (not-nocode)
🔧 CORS: Origin allowed: https://privacy-demo-flame.vercel.app
🔧 CORS: Origin allowed: https://privacy-demo-flame.vercel.app
🔧 Request: POST /api/chat from origin: https://privacy-demo-flame.vercel.app
🔧 CORS Headers: {
  origin: 'https://privacy-demo-flame.vercel.app',
  'access-control-request-method': undefined,
  'access-control-request-headers': undefined,
  'user-agent': 'Mozilla/5.0 (Windows NT 10.0; Win64; x64) AppleWebKit/537.36 (KHTML, like Gecko) Chrome/132.0.0.0 Safari/537.36'
}
ℹ️ [2025-08-27T13:15:40.008Z][/api/chat][ntb1e20c] incoming params {
  hasMessage: true,
  step: 5,
  questionMode: true,
  isFinalQuestionFlag: false,
  followUpMode: true,
  currentQuestionProvided: true,
  predefinedCount: 0,
  sessionIdProvided: true,
  action: null
}
ℹ️ [2025-08-27T13:15:40.008Z][/api/chat][ntb1e20c] session ready { currentSessionId: 'metzf9ialvzxp11621', prevLen: 4, newLen: 5 }
ℹ️ [2025-08-27T13:15:40.008Z][/api/chat][ntb1e20c] orchestrator state {
  phase: 'main',
  mainIdx: 0,
  qNow: 'Could you tell me about your educational background - what did you study in college or university?',
  allowedActions: [
    'ASK_FOLLOWUP',
    'REQUEST_CLARIFY',
    'SUMMARIZE_QUESTION',
    'NEXT_QUESTION'
  ]
}
ℹ️ [2025-08-27T13:15:40.008Z][/api/chat][ntb1e20c] prompt stats {
  sysPromptLen: 1574,
  messagesCount: 6,
  lastUserPreview: 'I started the degree in 2013 and I finished in 2016'
}
ℹ️ [2025-08-27T13:15:42.224Z][/api/chat][ntb1e20c] executor completed {
  ms: 2216,
  aiResponsePreview: '{\n' +
    '  "action": "ASK_FOLLOWUP",\n' +
    '  "question_id": "Could you tell me about your educational background - what did you study in college or university?",\n' +
    '  "utterance": "That’s a pretty'
}
ℹ️ [2025-08-27T13:15:42.224Z][/api/chat][ntb1e20c] executor parsed {
  action: 'ASK_FOLLOWUP',
  question_id: 'Could you tell me about your educational background - what did you study in college or university?',
  utterance: 'That’s a pretty quick turnaround for a degree! Was it a three-year program, or did you take extra courses to finish early? I’d love to hear a bit about how you managed your studies during that time.',
  notes: [
    'Started degree in 2013, finished in 2016',
    'Studied Business Administration',
    'Grew up in Newark, New Jersey'
  ]
}
isFinalQuestionValue false
🔍 Marking Q1_F1 as COVERED based on audit (2nd location)
Audit Result (Follow-up Coverage): {"question_id":"Could you tell me about your educational background - what did you study in college or university?","verdict":"REQUIRE_MORE","scores":null,"missing":["Q1_F2"],"notes":"The assistant has only explicitly asked about the start and finish dates of the degree. Location and influential person have not been directly asked.","confidence":1,"followUpQuestions":["Where is your college or university located?"],"coverage_map":[{"id":"Q1_F1","covered":true,"evidence":"When did you start your degree and when did you finish? It would be helpful to know,"},{"id":"Q1_F2","covered":false,"evidence":""},{"id":"Q1_F3","covered":false,"evidence":""}],"next_followup":{"id":"Q1_F2","prompt":"Where is your college or university located?"},"shouldProceed":false,"reason":"The assistant has only explicitly asked about the start and finish dates of the degree. Location and influential person have not been directly asked."}
🔍 Follow-up retrieval debug: {
  question: 'Could you tell me about your educational backgroun...',
  questionIndex: 0,
  followupsFound: 3,
  followupDetails: [
    { id: 'Q1_F1', prompt: 'When did you start your degree...' },
    { id: 'Q1_F2', prompt: 'Where is your college or unive...' },
    { id: 'Q1_F3', prompt: 'Who comes to mind as someone y...' }
  ]
}
🔧 CORS: Origin allowed: https://privacy-demo-flame.vercel.app
[coverage] {
  q: 'Could you tell me about your educational backgroun...',
  questionIndex: 0,
  totalFollowups: 3,
  followupIds: [ 'Q1_F1', 'Q1_F2', 'Q1_F3' ],
  covered: [ 'Q1_F1' ],
  pending: [ 'Q1_F2', 'Q1_F3' ],
  verdict: 'REQUIRE_MORE',
  auditCoverageMap: [
    {
      id: 'Q1_F1',
      covered: true,
      evidence: 'When did you start your degree and when did you finish? It would be helpful to know,'
    },
    { id: 'Q1_F2', covered: false, evidence: '' },
    { id: 'Q1_F3', covered: false, evidence: '' }
  ]
}
🔧 CORS: Origin allowed: https://privacy-demo-flame.vercel.app
🔧 Request: POST /api/chat from origin: https://privacy-demo-flame.vercel.app
🔧 CORS Headers: {
  origin: 'https://privacy-demo-flame.vercel.app',
  'access-control-request-method': undefined,
  'access-control-request-headers': undefined,
  'user-agent': 'Mozilla/5.0 (Windows NT 10.0; Win64; x64) AppleWebKit/537.36 (KHTML, like Gecko) Chrome/132.0.0.0 Safari/537.36'
}
ℹ️ [2025-08-27T13:15:46.374Z][/api/chat][l49xr255] incoming params {
  hasMessage: true,
  step: 4,
  questionMode: true,
  isFinalQuestionFlag: false,
  followUpMode: true,
  currentQuestionProvided: true,
  predefinedCount: 0,
  sessionIdProvided: true,
  action: null
}
ℹ️ [2025-08-27T13:15:46.374Z][/api/chat][l49xr255] session ready { currentSessionId: 'metzqu857h6uycczme', prevLen: 8, newLen: 9 }
ℹ️ [2025-08-27T13:15:46.374Z][/api/chat][l49xr255] orchestrator state {
  phase: 'main',
  mainIdx: 0,
  qNow: 'Could you tell me about your educational background - what did you study in college or university?',
  allowedActions: [
    'ASK_FOLLOWUP',
    'REQUEST_CLARIFY',
    'SUMMARIZE_QUESTION',
    'NEXT_QUESTION'
  ]
}
ℹ️ [2025-08-27T13:15:46.374Z][/api/chat][l49xr255] prompt stats {
  sysPromptLen: 1574,
  messagesCount: 10,
  lastUserPreview: 'I had a very close friend back in school whom we shared a lot in common. Their name is Mary K.'
}
🔧 CORS: Origin allowed: https://privacy-demo-flame.vercel.app
🔧 CORS: Origin allowed: https://privacy-demo-flame.vercel.app
🔧 CORS: Origin allowed: https://privacy-demo-flame.vercel.app
🔧 Request: POST /api/study/allocate from origin: https://privacy-demo-flame.vercel.app
🔧 CORS Headers: {
  origin: 'https://privacy-demo-flame.vercel.app',
  'access-control-request-method': undefined,
  'access-control-request-headers': undefined,
  'user-agent': 'Mozilla/5.0 (Windows NT 10.0; Win64; x64) AppleWebKit/537.36 (KHTML, like Gecko) Chrome/139.0.0.0 Safari/537.36'
}
🔧 CORS: Origin allowed: https://privacy-demo-flame.vercel.app
🔧 Request: POST /api/prolific/start from origin: https://privacy-demo-flame.vercel.app
🔧 CORS Headers: {
  origin: 'https://privacy-demo-flame.vercel.app',
  'access-control-request-method': undefined,
  'access-control-request-headers': undefined,
  'user-agent': 'Mozilla/5.0 (Windows NT 10.0; Win64; x64) AppleWebKit/537.36 (KHTML, like Gecko) Chrome/139.0.0.0 Safari/537.36'
}
ℹ️ [2025-08-27T13:15:52.293Z][/api/chat][l49xr255] executor completed {
  ms: 5919,
  aiResponsePreview: '{\n' +
    '  "action": "ASK_FOLLOWUP",\n' +
    '  "question_id": "CURRENT QUESTION",\n' +
    `  "utterance": "That's great to hear. Can you recall a specific project or class you and Mary K. worked on togeth`
}
ℹ️ [2025-08-27T13:15:52.293Z][/api/chat][l49xr255] executor parsed {
  action: 'ASK_FOLLOWUP',
  question_id: 'CURRENT QUESTION',
  utterance: "That's great to hear. Can you recall a specific project or class you and Mary K. worked on together that stands out in your memory? What made it memorable for you?",
  notes: [
    'Ebony Ward',
    'Business Management',
    '4-year undergraduate, completed 2004',
    'Texas, USA',
    'close friend: Mary K.'
  ]
}
isFinalQuestionValue false
🔍 Marking Q1_F1 as COVERED based on audit (2nd location)
🔍 Marking Q1_F2 as COVERED based on audit (2nd location)
🔍 Marking Q1_F3 as COVERED based on audit (2nd location)
Audit Result (Follow-up Coverage): {"question_id":"Could you tell me about your educational background - what did you study in college or university?","verdict":"ALLOW_NEXT_QUESTION","scores":null,"missing":[],"notes":"All required follow-ups were explicitly asked and answered.","confidence":1,"followUpQuestions":null,"coverage_map":[{"id":"Q1_F1","covered":true,"evidence":"When did you start your degree and when did you finish?"},{"id":"Q1_F2","covered":true,"evidence":"Where is your college or university located?"},{"id":"Q1_F3","covered":true,"evidence":"Who comes to mind as someone you learned the most from during your degree?"}],"next_followup":null,"shouldProceed":true,"reason":"All required follow-ups were explicitly asked and answered."}
🔍 Follow-up retrieval debug: {
  question: 'Could you tell me about your educational backgroun...',
  questionIndex: 0,
  followupsFound: 3,
  followupDetails: [
    { id: 'Q1_F1', prompt: 'When did you start your degree...' },
    { id: 'Q1_F2', prompt: 'Where is your college or unive...' },
    { id: 'Q1_F3', prompt: 'Who comes to mind as someone y...' }
  ]
}
🔧 CORS: Origin allowed: https://privacy-demo-flame.vercel.app
🔍 Detected user reluctance/no-experience but auto-skip is DISABLED: {
  cause: 'no_experience',
  reason: 'User did not provide relevant personal experience related to the educational background question.',
  question: 'Could you tell me about your educational backgroun...',
  action: 'Continue asking follow-ups anyway'
}
[coverage] {
  q: 'Could you tell me about your educational backgroun...',
  questionIndex: 0,
  totalFollowups: 3,
  followupIds: [ 'Q1_F1', 'Q1_F2', 'Q1_F3' ],
  covered: [ 'Q1_F1', 'Q1_F2', 'Q1_F3' ],
  pending: [],
  verdict: 'ALLOW_NEXT_QUESTION',
  auditCoverageMap: [
    {
      id: 'Q1_F1',
      covered: true,
      evidence: 'When did you start your degree and when did you finish?'
    },
    {
      id: 'Q1_F2',
      covered: true,
      evidence: 'Where is your college or university located?'
    },
    {
      id: 'Q1_F3',
      covered: true,
      evidence: 'Who comes to mind as someone you learned the most from during your degree?'
    }
  ]
}
🔧 CORS: Origin allowed: https://privacy-demo-flame.vercel.app
🔧 Request: POST /api/reset from origin: https://privacy-demo-flame.vercel.app
🔧 CORS Headers: {
  origin: 'https://privacy-demo-flame.vercel.app',
  'access-control-request-method': undefined,
  'access-control-request-headers': undefined,
  'user-agent': 'Mozilla/5.0 (Windows NT 10.0; Win64; x64) AppleWebKit/537.36 (KHTML, like Gecko) Chrome/139.0.0.0 Safari/537.36'
}
Reset all sessions
🔧 CORS: Origin allowed: https://privacy-demo-flame.vercel.app
🔧 CORS: Origin allowed: https://privacy-demo-flame.vercel.app
🔧 Request: GET /api/config from origin: https://privacy-demo-flame.vercel.app
🔧 CORS Headers: {
  origin: 'https://privacy-demo-flame.vercel.app',
  'access-control-request-method': undefined,
  'access-control-request-headers': undefined,
  'user-agent': 'Mozilla/5.0 (Windows NT 10.0; Win64; x64) AppleWebKit/537.36 (KHTML, like Gecko) Chrome/139.0.0.0 Safari/537.36'
}
🔧 CORS: Origin allowed: https://privacy-demo-flame.vercel.app
🔧 Request: POST /api/prolific/start from origin: https://privacy-demo-flame.vercel.app
🔧 CORS Headers: {
  origin: 'https://privacy-demo-flame.vercel.app',
  'access-control-request-method': undefined,
  'access-control-request-headers': undefined,
  'user-agent': 'Mozilla/5.0 (Windows NT 10.0; Win64; x64) AppleWebKit/537.36 (KHTML, like Gecko) Chrome/139.0.0.0 Safari/537.36'
}
🔧 CORS: Origin allowed: https://privacy-demo-flame.vercel.app
🔧 Request: GET /api/predefined_questions/naive from origin: https://privacy-demo-flame.vercel.app
🔧 CORS Headers: {
  origin: 'https://privacy-demo-flame.vercel.app',
  'access-control-request-method': undefined,
  'access-control-request-headers': undefined,
  'user-agent': 'Mozilla/5.0 (Windows NT 10.0; Win64; x64) AppleWebKit/537.36 (KHTML, like Gecko) Chrome/139.0.0.0 Safari/537.36'
}
Question Presence Audit Result: {"hasQuestion":true,"reason":"exactly one question, follows up on educational experience by asking about a specific project or class with Mary K.","confidence":1,"shouldRegenerate":false}
ℹ️ [2025-08-27T13:15:55.861Z][/api/chat][l49xr255] presence audit {
  ms: 827,
  hasQuestion: true,
  shouldRegenerate: false,
  reason: 'exactly one question, follows up on educational experience by asking about a specific project or class with Mary K.',
  confidence: 1
}
🔍 shouldAdvance check: {
  phase: 'main',
  mainIdx: 0,
  completionAuditVerdict: 'ALLOW_NEXT_QUESTION',
  hasSession: true,
  hasFollowupCoveredFn: true,
  questionPreview: 'Could you tell me about your educational backgroun...'
}
🔍 areAllFollowupsCovered results: {
  question: 'Could you tell me about your educational backgroun...',
  followupCount: 3,
  coverageResults: [
    { id: 'Q1_F1', covered: true },
    { id: 'Q1_F2', covered: true },
    { id: 'Q1_F3', covered: true }
  ],
  allCovered: true
}
🔍 Follow-up coverage check: {
  questionIndex: 0,
  allCovered: true,
  questionPreview: 'Could you tell me about your educational backgroun...'
}
🔧 CORS: Origin allowed: https://privacy-demo-flame.vercel.app
🔧 CORS: Origin allowed: https://privacy-demo-flame.vercel.app
🔧 Request: POST /api/chat from origin: https://privacy-demo-flame.vercel.app
🔧 CORS Headers: {
  origin: 'https://privacy-demo-flame.vercel.app',
  'access-control-request-method': undefined,
  'access-control-request-headers': undefined,
  'user-agent': 'Mozilla/5.0 (Windows NT 10.0; Win64; x64) AppleWebKit/537.36 (KHTML, like Gecko) Chrome/139.0.0.0 Safari/537.36'
}
ℹ️ [2025-08-27T13:15:57.057Z][/api/chat][4n693vdi] incoming params {
  hasMessage: true,
  step: 0,
  questionMode: true,
  isFinalQuestionFlag: false,
  followUpMode: true,
  currentQuestionProvided: false,
  predefinedCount: 0,
  sessionIdProvided: true,
  action: 'START_QUESTION_MODE'
}
ℹ️ [2025-08-27T13:15:57.057Z][/api/chat][4n693vdi] handling START_QUESTION_MODE action
ℹ️ [2025-08-27T13:15:57.549Z][/api/chat][l49xr255] main question advanced via audit {
  phase: 'main',
  mainIdx: 1,
  newAllowed: [
    'ASK_FOLLOWUP',
    'REQUEST_CLARIFY',
    'SUMMARIZE_QUESTION',
    'NEXT_QUESTION'
  ],
  nextQuestion: "I'd love to hear about your current work and how you got into it by job interviews?"
}
🔍 allowNextIfAuditPass check: {
  phase: 'main',
  mainIdx: 1,
  completionAuditVerdict: 'ALLOW_NEXT_QUESTION',
  wantsImmediateNext: true
}
ℹ️ [2025-08-27T13:15:57.549Z][/api/chat][l49xr255] finalize response {
  questionCompleted: true,
  usedRegenerate: false,
  usedPolish: false,
  responsePreview: 'Appreciate the detail. Next question:\n' +
    "I'd love to hear about your current work and how you got into it by job interviews?"
}
🔧 CORS: Origin allowed: https://privacy-demo-flame.vercel.app
[poller] scanning (study=68adb0cb59d609257e432438)…
🔧 CORS: Origin allowed: https://privacy-demo-flame.vercel.app
🔧 Request: POST /api/chat from origin: https://privacy-demo-flame.vercel.app
🔧 CORS Headers: {
  origin: 'https://privacy-demo-flame.vercel.app',
  'access-control-request-method': undefined,
  'access-control-request-headers': undefined,
  'user-agent': 'Mozilla/5.0 (Windows NT 10.0; Win64; x64) AppleWebKit/537.36 (KHTML, like Gecko) Chrome/132.0.0.0 Safari/537.36'
}
ℹ️ [2025-08-27T13:16:22.173Z][/api/chat][8eblgilz] incoming params {
  hasMessage: true,
  step: 6,
  questionMode: true,
  isFinalQuestionFlag: false,
  followUpMode: true,
  currentQuestionProvided: true,
  predefinedCount: 0,
  sessionIdProvided: true,
  action: null
}
ℹ️ [2025-08-27T13:16:22.173Z][/api/chat][8eblgilz] session ready { currentSessionId: 'metzf9ialvzxp11621', prevLen: 0, newLen: 1 }
ℹ️ [2025-08-27T13:16:22.173Z][/api/chat][8eblgilz] orchestrator state {
  phase: 'main',
  mainIdx: 0,
  qNow: 'Could you tell me about your educational background - what did you study in college or university?',
  allowedActions: [
    'ASK_FOLLOWUP',
    'REQUEST_CLARIFY',
    'SUMMARIZE_QUESTION',
    'NEXT_QUESTION'
  ]
}
ℹ️ [2025-08-27T13:16:22.173Z][/api/chat][8eblgilz] prompt stats {
  sysPromptLen: 1574,
  messagesCount: 2,
  lastUserPreview: 'My university is located in New Jersey'
}
[poller] found 1 items to autosave (nocode=0, coded=0, mode=force-all)
🔧 CORS: Request with no origin, allowing
🔧 Request: POST /api/upload-to-s3 from origin: undefined
🔧 CORS Headers: {
  origin: undefined,
  'access-control-request-method': undefined,
  'access-control-request-headers': undefined,
  'user-agent': 'node'
}
✅ Uploaded exports/complete/68af04e5ea79131eda3ca4fb.json (Mode: featured, PID: 66d88375799e00b593a8655f)
↪︎ Legacy copy skipped (not-nocode)
[poller] uploaded → exports/complete/68af04e5ea79131eda3ca4fb.json (coded) (PID=66d88375799e00b593a8655f study=68adb0cb59d609257e432438 sub=68af04e5ea79131eda3ca4fb)
🔧 CORS: Origin allowed: https://privacy-demo-flame.vercel.app
🔧 CORS: Origin allowed: https://privacy-demo-flame.vercel.app
🔧 Request: POST /api/chat from origin: https://privacy-demo-flame.vercel.app
🔧 CORS Headers: {
  origin: 'https://privacy-demo-flame.vercel.app',
  'access-control-request-method': undefined,
  'access-control-request-headers': undefined,
  'user-agent': 'Mozilla/5.0 (Windows NT 10.0; Win64; x64) AppleWebKit/537.36 (KHTML, like Gecko) Chrome/132.0.0.0 Safari/537.36'
}
ℹ️ [2025-08-27T13:17:26.085Z][/api/chat][tgyc318m] incoming params {
  hasMessage: true,
  step: 7,
  questionMode: true,
  isFinalQuestionFlag: false,
  followUpMode: true,
  currentQuestionProvided: true,
  predefinedCount: 0,
  sessionIdProvided: true,
  action: null
}
ℹ️ [2025-08-27T13:17:26.085Z][/api/chat][tgyc318m] session ready { currentSessionId: 'metzf9ialvzxp11621', prevLen: 2, newLen: 3 }
ℹ️ [2025-08-27T13:17:26.085Z][/api/chat][tgyc318m] orchestrator state {
  phase: 'main',
  mainIdx: 0,
  qNow: 'Could you tell me about your educational background - what did you study in college or university?',
  allowedActions: [
    'ASK_FOLLOWUP',
    'REQUEST_CLARIFY',
    'SUMMARIZE_QUESTION',
    'NEXT_QUESTION'
  ]
}
ℹ️ [2025-08-27T13:17:26.085Z][/api/chat][tgyc318m] prompt stats {
  sysPromptLen: 1574,
  messagesCount: 4,
  lastUserPreview: 'Can we please discuss other things as this interview seems to be repetitive?'
}
ℹ️ [2025-08-27T13:17:29.019Z][/api/chat][tgyc318m] executor completed {
  ms: 2934,
  aiResponsePreview: '{\n' +
    '  "action": "REQUEST_CLARIFY",\n' +
    '  "question_id": "Could you tell me about your educational background - what did you study in college or university?",\n' +
    '  "utterance": "I understand'
}
ℹ️ [2025-08-27T13:17:29.019Z][/api/chat][tgyc318m] executor parsed {
  action: 'REQUEST_CLARIFY',
  question_id: 'Could you tell me about your educational background - what did you study in college or university?',
  utterance: 'I understand it might feel repetitive, and I appreciate your patience. To help us move forward, could you share a bit more about what you studied at your university in New Jersey? Even a brief description would be helpful.',
  notes: [
    'Participant feels the interview is repetitive',
    'University is in New Jersey'
  ]
}
isFinalQuestionValue false
🔍 Marking Q1_F2 as COVERED based on audit (2nd location)
Audit Result (Follow-up Coverage): {"question_id":"Could you tell me about your educational background - what did you study in college or university?","verdict":"REQUIRE_MORE","scores":null,"missing":["Q1_F1"],"notes":"Only the university location follow-up is covered; timing and influential person have not been explicitly asked.","confidence":0.95,"followUpQuestions":["When did you start your degree and when did you finish?"],"coverage_map":[{"id":"Q1_F1","covered":false,"evidence":""},{"id":"Q1_F2","covered":true,"evidence":"My university is located in New Jersey"},{"id":"Q1_F3","covered":false,"evidence":""}],"next_followup":{"id":"Q1_F1","prompt":"When did you start your degree and when did you finish?"},"shouldProceed":false,"reason":"Only the university location follow-up is covered; timing and influential person have not been explicitly asked."}
🔍 Follow-up retrieval debug: {
  question: 'Could you tell me about your educational backgroun...',
  questionIndex: 0,
  followupsFound: 3,
  followupDetails: [
    { id: 'Q1_F1', prompt: 'When did you start your degree...' },
    { id: 'Q1_F2', prompt: 'Where is your college or unive...' },
    { id: 'Q1_F3', prompt: 'Who comes to mind as someone y...' }
  ]
}
🔍 Detected user reluctance/no-experience but auto-skip is DISABLED: {
  cause: 'refusal',
  reason: 'User is refusing to share details about their educational background.',
  question: 'Could you tell me about your educational backgroun...',
  action: 'Continue asking follow-ups anyway'
}
[coverage] {
  q: 'Could you tell me about your educational backgroun...',
  questionIndex: 0,
  totalFollowups: 3,
  followupIds: [ 'Q1_F1', 'Q1_F2', 'Q1_F3' ],
  covered: [ 'Q1_F2' ],
  pending: [ 'Q1_F1', 'Q1_F3' ],
  verdict: 'REQUIRE_MORE',
  auditCoverageMap: [
    { id: 'Q1_F1', covered: false, evidence: '' },
    {
      id: 'Q1_F2',
      covered: true,
      evidence: 'My university is located in New Jersey'
    },
    { id: 'Q1_F3', covered: false, evidence: '' }
  ]
}
🔧 CORS: Origin allowed: https://privacy-demo-flame.vercel.app
🔧 CORS: Origin allowed: https://privacy-demo-flame.vercel.app
🔧 Request: POST /api/chat from origin: https://privacy-demo-flame.vercel.app
🔧 CORS Headers: {
  origin: 'https://privacy-demo-flame.vercel.app',
  'access-control-request-method': undefined,
  'access-control-request-headers': undefined,
  'user-agent': 'Mozilla/5.0 (Windows NT 10.0; Win64; x64) AppleWebKit/537.36 (KHTML, like Gecko) Chrome/132.0.0.0 Safari/537.36'
}
ℹ️ [2025-08-27T13:19:06.334Z][/api/chat][hm5k2vcr] incoming params {
  hasMessage: true,
  step: 8,
  questionMode: true,
  isFinalQuestionFlag: false,
  followUpMode: true,
  currentQuestionProvided: true,
  predefinedCount: 0,
  sessionIdProvided: true,
  action: null
}
ℹ️ [2025-08-27T13:19:06.334Z][/api/chat][hm5k2vcr] session ready { currentSessionId: 'metzf9ialvzxp11621', prevLen: 4, newLen: 5 }
ℹ️ [2025-08-27T13:19:06.334Z][/api/chat][hm5k2vcr] orchestrator state {
  phase: 'main',
  mainIdx: 0,
  qNow: 'Could you tell me about your educational background - what did you study in college or university?',
  allowedActions: [
    'ASK_FOLLOWUP',
    'REQUEST_CLARIFY',
    'SUMMARIZE_QUESTION',
    'NEXT_QUESTION'
  ]
}
ℹ️ [2025-08-27T13:19:06.335Z][/api/chat][hm5k2vcr] prompt stats {
  sysPromptLen: 1574,
  messagesCount: 6,
  lastUserPreview: 'I started my degree in 2013 and I finished in 2016'
}
ℹ️ [2025-08-27T13:19:08.015Z][/api/chat][hm5k2vcr] executor completed {
  ms: 1680,
  aiResponsePreview: '{\n' +
    '  "action": "ASK_FOLLOWUP",\n' +
    '  "question_id": "CURRENT QUESTION",\n' +
    '  "utterance": "Thanks for sharing your timeline! What was your major or main area of study during your time at u'
}
ℹ️ [2025-08-27T13:19:08.016Z][/api/chat][hm5k2vcr] executor parsed {
  action: 'ASK_FOLLOWUP',
  question_id: 'CURRENT QUESTION',
  utterance: 'Thanks for sharing your timeline! What was your major or main area of study during your time at university?',
  notes: [
    'Started degree: 2013',
    'Finished: 2016',
    'University in New Jersey'
  ]
}
isFinalQuestionValue false
🔍 Marking Q1_F1 as COVERED based on audit (2nd location)
🔍 Marking Q1_F2 as COVERED based on audit (2nd location)
Audit Result (Follow-up Coverage): {"question_id":"Could you tell me about your educational background - what did you study in college or university?","verdict":"REQUIRE_MORE","scores":null,"missing":["Q1_F3"],"notes":"The assistant has asked about degree dates and location, but has not yet asked about a person the user learned the most from.","confidence":0.95,"followUpQuestions":["Who comes to mind as someone you learned the most from during your degree? Naming a person can sometimes help you reflect more concretely on your experience."],"coverage_map":[{"id":"Q1_F1","covered":true,"evidence":"When did you start your degree and when did you finish?"},{"id":"Q1_F2","covered":true,"evidence":"My university is located in New Jersey"},{"id":"Q1_F3","covered":false,"evidence":""}],"next_followup":{"id":"Q1_F3","prompt":"Who comes to mind as someone you learned the most from during your degree? Naming a person can sometimes help you reflect more concretely on your experience."},"shouldProceed":false,"reason":"The assistant has asked about degree dates and location, but has not yet asked about a person the user learned the most from."}
🔍 Follow-up retrieval debug: {
  question: 'Could you tell me about your educational backgroun...',
  questionIndex: 0,
  followupsFound: 3,
  followupDetails: [
    { id: 'Q1_F1', prompt: 'When did you start your degree...' },
    { id: 'Q1_F2', prompt: 'Where is your college or unive...' },
    { id: 'Q1_F3', prompt: 'Who comes to mind as someone y...' }
  ]
}
[coverage] {
  q: 'Could you tell me about your educational backgroun...',
  questionIndex: 0,
  totalFollowups: 3,
  followupIds: [ 'Q1_F1', 'Q1_F2', 'Q1_F3' ],
  covered: [ 'Q1_F1', 'Q1_F2' ],
  pending: [ 'Q1_F3' ],
  verdict: 'REQUIRE_MORE',
  auditCoverageMap: [
    {
      id: 'Q1_F1',
      covered: true,
      evidence: 'When did you start your degree and when did you finish?'
    },
    {
      id: 'Q1_F2',
      covered: true,
      evidence: 'My university is located in New Jersey'
    },
    { id: 'Q1_F3', covered: false, evidence: '' }
  ]
}
🔧 CORS: Origin allowed: https://privacy-demo-flame.vercel.app
🔧 CORS: Origin allowed: https://privacy-demo-flame.vercel.app
🔧 Request: POST /api/chat from origin: https://privacy-demo-flame.vercel.app
🔧 CORS Headers: {
  origin: 'https://privacy-demo-flame.vercel.app',
  'access-control-request-method': undefined,
  'access-control-request-headers': undefined,
  'user-agent': 'Mozilla/5.0 (Windows NT 10.0; Win64; x64) AppleWebKit/537.36 (KHTML, like Gecko) Chrome/132.0.0.0 Safari/537.36'
}
ℹ️ [2025-08-27T13:19:21.884Z][/api/chat][7zq0vzcc] incoming params {
  hasMessage: true,
  step: 5,
  questionMode: true,
  isFinalQuestionFlag: false,
  followUpMode: true,
  currentQuestionProvided: true,
  predefinedCount: 0,
  sessionIdProvided: true,
  action: null
}
ℹ️ [2025-08-27T13:19:21.884Z][/api/chat][7zq0vzcc] session ready { currentSessionId: 'metzqu857h6uycczme', prevLen: 0, newLen: 1 }
ℹ️ [2025-08-27T13:19:21.884Z][/api/chat][7zq0vzcc] orchestrator state {
  phase: 'main',
  mainIdx: 0,
  qNow: "I'd love to hear about your current work and how you got into it by job interviews?",
  allowedActions: [
    'ASK_FOLLOWUP',
    'REQUEST_CLARIFY',
    'SUMMARIZE_QUESTION',
    'NEXT_QUESTION'
  ]
}
ℹ️ [2025-08-27T13:19:21.884Z][/api/chat][7zq0vzcc] prompt stats {
  sysPromptLen: 1574,
  messagesCount: 2,
  lastUserPreview: 'She got a very stable job and has been working on her personal and career developments. We still keep a lot of communica'
}
🔧 CORS: Origin allowed: https://privacy-demo-flame.vercel.app
🔧 CORS: Origin allowed: https://privacy-demo-flame.vercel.app
🔧 Request: POST /api/reset from origin: https://privacy-demo-flame.vercel.app
🔧 CORS Headers: {
  origin: 'https://privacy-demo-flame.vercel.app',
  'access-control-request-method': undefined,
  'access-control-request-headers': undefined,
  'user-agent': 'Mozilla/5.0 (Linux; Android 10; K) AppleWebKit/537.36 (KHTML, like Gecko) Chrome/131.0.0.0 Mobile Safari/537.36'
}
Reset all sessions
🔧 CORS: Origin allowed: https://privacy-demo-flame.vercel.app
🔧 Request: GET /api/config from origin: https://privacy-demo-flame.vercel.app
🔧 CORS Headers: {
  origin: 'https://privacy-demo-flame.vercel.app',
  'access-control-request-method': undefined,
  'access-control-request-headers': undefined,
  'user-agent': 'Mozilla/5.0 (Linux; Android 10; K) AppleWebKit/537.36 (KHTML, like Gecko) Chrome/131.0.0.0 Mobile Safari/537.36'
}
🔧 CORS: Origin allowed: https://privacy-demo-flame.vercel.app
🔧 Request: GET /api/predefined_questions/naive from origin: https://privacy-demo-flame.vercel.app
🔧 CORS Headers: {
  origin: 'https://privacy-demo-flame.vercel.app',
  'access-control-request-method': undefined,
  'access-control-request-headers': undefined,
  'user-agent': 'Mozilla/5.0 (Linux; Android 10; K) AppleWebKit/537.36 (KHTML, like Gecko) Chrome/131.0.0.0 Mobile Safari/537.36'
}
🔧 CORS: Origin allowed: https://privacy-demo-flame.vercel.app
🔧 CORS: Origin allowed: https://privacy-demo-flame.vercel.app
🔧 Request: POST /api/chat from origin: https://privacy-demo-flame.vercel.app
🔧 CORS Headers: {
  origin: 'https://privacy-demo-flame.vercel.app',
  'access-control-request-method': undefined,
  'access-control-request-headers': undefined,
  'user-agent': 'Mozilla/5.0 (Windows NT 10.0; Win64; x64) AppleWebKit/537.36 (KHTML, like Gecko) Chrome/132.0.0.0 Safari/537.36'
}
ℹ️ [2025-08-27T13:20:23.179Z][/api/chat][euuamlcs] incoming params {
  hasMessage: true,
  step: 6,
  questionMode: true,
  isFinalQuestionFlag: false,
  followUpMode: true,
  currentQuestionProvided: true,
  predefinedCount: 0,
  sessionIdProvided: true,
  action: null
}
ℹ️ [2025-08-27T13:20:23.179Z][/api/chat][euuamlcs] session ready { currentSessionId: 'metzqu857h6uycczme', prevLen: 0, newLen: 1 }
ℹ️ [2025-08-27T13:20:23.179Z][/api/chat][euuamlcs] orchestrator state {
  phase: 'main',
  mainIdx: 0,
  qNow: "I'd love to hear about your current work and how you got into it by job interviews?",
  allowedActions: [
    'ASK_FOLLOWUP',
    'REQUEST_CLARIFY',
    'SUMMARIZE_QUESTION',
    'NEXT_QUESTION'
  ]
}
ℹ️ [2025-08-27T13:20:23.179Z][/api/chat][euuamlcs] prompt stats {
  sysPromptLen: 1574,
  messagesCount: 2,
  lastUserPreview: "I'm currently working but I can say that job interviews were always positive. It has been all great."
}
[poller] scanning (study=68adb0cb59d609257e432438)…
[poller] no new NO-CODE items (pulled: 20 )
🔧 CORS: Origin allowed: https://privacy-demo-flame.vercel.app
🔧 CORS: Origin allowed: https://privacy-demo-flame.vercel.app
🔧 Request: POST /api/chat from origin: https://privacy-demo-flame.vercel.app
🔧 CORS Headers: {
  origin: 'https://privacy-demo-flame.vercel.app',
  'access-control-request-method': undefined,
  'access-control-request-headers': undefined,
  'user-agent': 'Mozilla/5.0 (Windows NT 10.0; Win64; x64) AppleWebKit/537.36 (KHTML, like Gecko) Chrome/132.0.0.0 Safari/537.36'
}
ℹ️ [2025-08-27T13:22:30.769Z][/api/chat][rq3bgeem] incoming params {
  hasMessage: true,
  step: 7,
  questionMode: true,
  isFinalQuestionFlag: false,
  followUpMode: true,
  currentQuestionProvided: true,
  predefinedCount: 0,
  sessionIdProvided: true,
  action: null
}
ℹ️ [2025-08-27T13:22:30.770Z][/api/chat][rq3bgeem] session ready { currentSessionId: 'metzqu857h6uycczme', prevLen: 2, newLen: 3 }
ℹ️ [2025-08-27T13:22:30.770Z][/api/chat][rq3bgeem] orchestrator state {
  phase: 'main',
  mainIdx: 0,
  qNow: "I'd love to hear about your current work and how you got into it by job interviews?",
  allowedActions: [
    'ASK_FOLLOWUP',
    'REQUEST_CLARIFY',
    'SUMMARIZE_QUESTION',
    'NEXT_QUESTION'
  ]
}
ℹ️ [2025-08-27T13:22:30.770Z][/api/chat][rq3bgeem] prompt stats {
  sysPromptLen: 1574,
  messagesCount: 4,
  lastUserPreview: 'I work in a financial institution in a middle management role. The job interviews involved facing panels who would decid'
}
ℹ️ [2025-08-27T13:22:33.691Z][/api/chat][rq3bgeem] executor completed {
  ms: 2921,
  aiResponsePreview: '{\n' +
    '  "action": "ASK_FOLLOWUP",\n' +
    '  "question_id": "CURRENT_1",\n' +
    '  "utterance": "Thanks for sharing that! Could you walk me through one of those panel interviews—maybe your most recent '
}
ℹ️ [2025-08-27T13:22:33.691Z][/api/chat][rq3bgeem] executor parsed {
  action: 'ASK_FOLLOWUP',
  question_id: 'CURRENT_1',
  utterance: 'Thanks for sharing that! Could you walk me through one of those panel interviews—maybe your most recent one? Where did it take place, who was on the panel, and what was the process like for you?',
  notes: [
    'Works in financial institution, middle management',
    'Job interviews involved panels',
    'All experiences described as positive'
  ]
}
isFinalQuestionValue false
Audit Result (Follow-up Coverage): {"question_id":"I'd love to hear about your current work and how you got into it by job interviews?","verdict":"REQUIRE_MORE","scores":null,"missing":["Q2_F1"],"notes":"None of the required follow-ups have been explicitly asked yet. The user mentioned their field and role in passing, but the assistant has not directly asked about start date, job title, or employer.","confidence":0.95,"followUpQuestions":["When did you start your current job and when did you do the interview?"],"coverage_map":[{"id":"Q2_F1","covered":false,"evidence":""},{"id":"Q2_F2","covered":false,"evidence":""},{"id":"Q2_F3","covered":false,"evidence":""}],"next_followup":{"id":"Q2_F1","prompt":"When did you start your current job and when did you do the interview?"},"shouldProceed":false,"reason":"None of the required follow-ups have been explicitly asked yet. The user mentioned their field and role in passing, but the assistant has not directly asked about start date, job title, or employer."}
🔍 Follow-up retrieval debug: {
  question: "I'd love to hear about your current work and how y...",
  questionIndex: 0,
  followupsFound: 3,
  followupDetails: [
    { id: 'Q2_F1', prompt: 'When did you start your curren...' },
    { id: 'Q2_F2', prompt: 'What is your current job title...' },
    { id: 'Q2_F3', prompt: 'What is your current employer ...' }
  ]
}
[coverage] {
  q: "I'd love to hear about your current work and how y...",
  questionIndex: 0,
  totalFollowups: 3,
  followupIds: [ 'Q2_F1', 'Q2_F2', 'Q2_F3' ],
  covered: [],
  pending: [ 'Q2_F1', 'Q2_F2', 'Q2_F3' ],
  verdict: 'REQUIRE_MORE',
  auditCoverageMap: [
    { id: 'Q2_F1', covered: false, evidence: '' },
    { id: 'Q2_F2', covered: false, evidence: '' },
    { id: 'Q2_F3', covered: false, evidence: '' }
  ]
}
🔧 CORS: Origin allowed: https://privacy-demo-flame.vercel.app
🔧 CORS: Origin allowed: https://privacy-demo-flame.vercel.app
🔧 Request: POST /api/chat from origin: https://privacy-demo-flame.vercel.app
🔧 CORS Headers: {
  origin: 'https://privacy-demo-flame.vercel.app',
  'access-control-request-method': undefined,
  'access-control-request-headers': undefined,
  'user-agent': 'Mozilla/5.0 (Windows NT 10.0; Win64; x64) AppleWebKit/537.36 (KHTML, like Gecko) Chrome/132.0.0.0 Safari/537.36'
}
ℹ️ [2025-08-27T13:23:29.172Z][/api/chat][tago1an5] incoming params {
  hasMessage: true,
  step: 8,
  questionMode: true,
  isFinalQuestionFlag: false,
  followUpMode: true,
  currentQuestionProvided: true,
  predefinedCount: 0,
  sessionIdProvided: true,
  action: null
}
ℹ️ [2025-08-27T13:23:29.172Z][/api/chat][tago1an5] session ready { currentSessionId: 'metzqu857h6uycczme', prevLen: 4, newLen: 5 }
ℹ️ [2025-08-27T13:23:29.173Z][/api/chat][tago1an5] orchestrator state {
  phase: 'main',
  mainIdx: 0,
  qNow: "I'd love to hear about your current work and how you got into it by job interviews?",
  allowedActions: [
    'ASK_FOLLOWUP',
    'REQUEST_CLARIFY',
    'SUMMARIZE_QUESTION',
    'NEXT_QUESTION'
  ]
}
ℹ️ [2025-08-27T13:23:29.173Z][/api/chat][tago1an5] prompt stats {
  sysPromptLen: 1574,
  messagesCount: 6,
  lastUserPreview: 'I started by current job in 2020. The interview was the same year.'
}
🔧 CORS: Origin allowed: https://privacy-demo-flame.vercel.app
🔧 CORS: Origin allowed: https://privacy-demo-flame.vercel.app
🔧 Request: POST /api/chat from origin: https://privacy-demo-flame.vercel.app
🔧 CORS Headers: {
  origin: 'https://privacy-demo-flame.vercel.app',
  'access-control-request-method': undefined,
  'access-control-request-headers': undefined,
  'user-agent': 'Mozilla/5.0 (Windows NT 10.0; Win64; x64) AppleWebKit/537.36 (KHTML, like Gecko) Chrome/132.0.0.0 Safari/537.36'
}
ℹ️ [2025-08-27T13:23:29.850Z][/api/chat][vb5nr8z9] incoming params {
  hasMessage: true,
  step: 9,
  questionMode: true,
  isFinalQuestionFlag: false,
  followUpMode: true,
  currentQuestionProvided: true,
  predefinedCount: 0,
  sessionIdProvided: true,
  action: null
}
ℹ️ [2025-08-27T13:23:29.850Z][/api/chat][vb5nr8z9] session ready { currentSessionId: 'metzf9ialvzxp11621', prevLen: 0, newLen: 1 }
ℹ️ [2025-08-27T13:23:29.850Z][/api/chat][vb5nr8z9] orchestrator state {
  phase: 'main',
  mainIdx: 0,
  qNow: 'Could you tell me about your educational background - what did you study in college or university?',
  allowedActions: [
    'ASK_FOLLOWUP',
    'REQUEST_CLARIFY',
    'SUMMARIZE_QUESTION',
    'NEXT_QUESTION'
  ]
}
ℹ️ [2025-08-27T13:23:29.850Z][/api/chat][vb5nr8z9] prompt stats {
  sysPromptLen: 1574,
  messagesCount: 2,
  lastUserPreview: 'My father, he was my role model and i learnt a lot from him during my time in the university'
}
ℹ️ [2025-08-27T13:23:31.708Z][/api/chat][tago1an5] executor completed {
  ms: 2535,
  aiResponsePreview: '{\n' +
    '  "action": "ASK_FOLLOWUP",\n' +
    '  "question_id": "CURRENT QUESTION",\n' +
    '  "utterance": "Could you walk me through what the interview process was like for this role? For example, how man'
}
ℹ️ [2025-08-27T13:23:31.709Z][/api/chat][tago1an5] executor parsed {
  action: 'ASK_FOLLOWUP',
  question_id: 'CURRENT QUESTION',
  utterance: 'Could you walk me through what the interview process was like for this role? For example, how many rounds were there, who was on the panel, and was there anything particularly memorable or challenging about it?',
  notes: [
    'Started current job in 2020',
    'Middle management at financial institution',
    'Panel interviews, all positive'
  ]
}
isFinalQuestionValue false
🔍 Marking Q2_F1 as COVERED based on audit (2nd location)
Audit Result (Follow-up Coverage): {"question_id":"I'd love to hear about your current work and how you got into it by job interviews?","verdict":"REQUIRE_MORE","scores":null,"missing":["Q2_F2"],"notes":"Only the timing of starting the job and interview was explicitly asked; job title and employer/company have not been directly asked.","confidence":1,"followUpQuestions":["What is your current job title?"],"coverage_map":[{"id":"Q2_F1","covered":true,"evidence":"When did you start your current job and when did you do the interview?"},{"id":"Q2_F2","covered":false,"evidence":""},{"id":"Q2_F3","covered":false,"evidence":""}],"next_followup":{"id":"Q2_F2","prompt":"What is your current job title?"},"shouldProceed":false,"reason":"Only the timing of starting the job and interview was explicitly asked; job title and employer/company have not been directly asked."}
🔍 Follow-up retrieval debug: {
  question: "I'd love to hear about your current work and how y...",
  questionIndex: 0,
  followupsFound: 3,
  followupDetails: [
    { id: 'Q2_F1', prompt: 'When did you start your curren...' },
    { id: 'Q2_F2', prompt: 'What is your current job title...' },
    { id: 'Q2_F3', prompt: 'What is your current employer ...' }
  ]
}
[coverage] {
  q: "I'd love to hear about your current work and how y...",
  questionIndex: 0,
  totalFollowups: 3,
  followupIds: [ 'Q2_F1', 'Q2_F2', 'Q2_F3' ],
  covered: [ 'Q2_F1' ],
  pending: [ 'Q2_F2', 'Q2_F3' ],
  verdict: 'REQUIRE_MORE',
  auditCoverageMap: [
    {
      id: 'Q2_F1',
      covered: true,
      evidence: 'When did you start your current job and when did you do the interview?'
    },
    { id: 'Q2_F2', covered: false, evidence: '' },
    { id: 'Q2_F3', covered: false, evidence: '' }
  ]
}
🔧 CORS: Origin allowed: https://privacy-demo-flame.vercel.app
🔧 CORS: Origin allowed: https://privacy-demo-flame.vercel.app
🔧 Request: POST /api/chat from origin: https://privacy-demo-flame.vercel.app
🔧 CORS Headers: {
  origin: 'https://privacy-demo-flame.vercel.app',
  'access-control-request-method': undefined,
  'access-control-request-headers': undefined,
  'user-agent': 'Mozilla/5.0 (Windows NT 10.0; Win64; x64) AppleWebKit/537.36 (KHTML, like Gecko) Chrome/132.0.0.0 Safari/537.36'
}
ℹ️ [2025-08-27T13:23:46.807Z][/api/chat][x42dgeyn] incoming params {
  hasMessage: true,
  step: 9,
  questionMode: true,
  isFinalQuestionFlag: false,
  followUpMode: true,
  currentQuestionProvided: true,
  predefinedCount: 0,
  sessionIdProvided: true,
  action: null
}
ℹ️ [2025-08-27T13:23:46.807Z][/api/chat][x42dgeyn] session ready { currentSessionId: 'metzqu857h6uycczme', prevLen: 6, newLen: 7 }
ℹ️ [2025-08-27T13:23:46.807Z][/api/chat][x42dgeyn] orchestrator state {
  phase: 'main',
  mainIdx: 0,
  qNow: "I'd love to hear about your current work and how you got into it by job interviews?",
  allowedActions: [
    'ASK_FOLLOWUP',
    'REQUEST_CLARIFY',
    'SUMMARIZE_QUESTION',
    'NEXT_QUESTION'
  ]
}
ℹ️ [2025-08-27T13:23:46.807Z][/api/chat][x42dgeyn] prompt stats { sysPromptLen: 1574, messagesCount: 8, lastUserPreview: 'Manager' }
ℹ️ [2025-08-27T13:23:47.991Z][/api/chat][x42dgeyn] executor completed {
  ms: 1183,
  aiResponsePreview: 'Thanks! Could you walk me through what the interview process was like for your current Manager role? For example, how many rounds were there, who was on the panel, and what kinds o'
}
isFinalQuestionValue false
⚠️ [2025-08-27T13:23:47.991Z][/api/chat][x42dgeyn] executor output not JSON; using raw text
🔍 Marking Q2_F1 as COVERED based on audit (2nd location)
🔍 Marking Q2_F2 as COVERED based on audit (2nd location)
Audit Result (Follow-up Coverage): {"question_id":"I'd love to hear about your current work and how you got into it by job interviews?","verdict":"REQUIRE_MORE","scores":null,"missing":["Q2_F3"],"notes":"Employer/company has not been directly asked; other follow-ups are covered.","confidence":1,"followUpQuestions":["What is your current employer or company?"],"coverage_map":[{"id":"Q2_F1","covered":true,"evidence":"When did you start your current job and when did you do the interview?"},{"id":"Q2_F2","covered":true,"evidence":"What is your current job title?"},{"id":"Q2_F3","covered":false,"evidence":""}],"next_followup":{"id":"Q2_F3","prompt":"What is your current employer or company?"},"shouldProceed":false,"reason":"Employer/company has not been directly asked; other follow-ups are covered."}
🔍 Follow-up retrieval debug: {
  question: "I'd love to hear about your current work and how y...",
  questionIndex: 0,
  followupsFound: 3,
  followupDetails: [
    { id: 'Q2_F1', prompt: 'When did you start your curren...' },
    { id: 'Q2_F2', prompt: 'What is your current job title...' },
    { id: 'Q2_F3', prompt: 'What is your current employer ...' }
  ]
}
[coverage] {
  q: "I'd love to hear about your current work and how y...",
  questionIndex: 0,
  totalFollowups: 3,
  followupIds: [ 'Q2_F1', 'Q2_F2', 'Q2_F3' ],
  covered: [ 'Q2_F1', 'Q2_F2' ],
  pending: [ 'Q2_F3' ],
  verdict: 'REQUIRE_MORE',
  auditCoverageMap: [
    {
      id: 'Q2_F1',
      covered: true,
      evidence: 'When did you start your current job and when did you do the interview?'
    },
    {
      id: 'Q2_F2',
      covered: true,
      evidence: 'What is your current job title?'
    },
    { id: 'Q2_F3', covered: false, evidence: '' }
  ]
}
🔧 CORS: Origin allowed: https://privacy-demo-flame.vercel.app
🔧 CORS: Origin allowed: https://privacy-demo-flame.vercel.app
🔧 Request: POST /api/chat from origin: https://privacy-demo-flame.vercel.app
🔧 CORS Headers: {
  origin: 'https://privacy-demo-flame.vercel.app',
  'access-control-request-method': undefined,
  'access-control-request-headers': undefined,
  'user-agent': 'Mozilla/5.0 (Windows NT 10.0; Win64; x64) AppleWebKit/537.36 (KHTML, like Gecko) Chrome/132.0.0.0 Safari/537.36'
}
ℹ️ [2025-08-27T13:24:02.187Z][/api/chat][o6e4efb5] incoming params {
  hasMessage: true,
  step: 10,
  questionMode: true,
  isFinalQuestionFlag: false,
  followUpMode: true,
  currentQuestionProvided: true,
  predefinedCount: 0,
  sessionIdProvided: true,
  action: null
}
ℹ️ [2025-08-27T13:24:02.187Z][/api/chat][o6e4efb5] session ready { currentSessionId: 'metzf9ialvzxp11621', prevLen: 2, newLen: 3 }
ℹ️ [2025-08-27T13:24:02.187Z][/api/chat][o6e4efb5] orchestrator state {
  phase: 'main',
  mainIdx: 0,
  qNow: 'Could you tell me about your educational background - what did you study in college or university?',
  allowedActions: [
    'ASK_FOLLOWUP',
    'REQUEST_CLARIFY',
    'SUMMARIZE_QUESTION',
    'NEXT_QUESTION'
  ]
}
ℹ️ [2025-08-27T13:24:02.187Z][/api/chat][o6e4efb5] prompt stats {
  sysPromptLen: 1574,
  messagesCount: 4,
  lastUserPreview: 'can you ask some other question as this one is repetitive'
}
ℹ️ [2025-08-27T13:24:04.695Z][/api/chat][o6e4efb5] executor completed {
  ms: 2508,
  aiResponsePreview: '{\n' +
    '  "action": "REQUEST_CLARIFY",\n' +
    '  "question_id": "Could you tell me about your educational background - what did you study in college or university?",\n' +
    '  "utterance": "Thanks for l'
}
ℹ️ [2025-08-27T13:24:04.695Z][/api/chat][o6e4efb5] executor parsed {
  action: 'REQUEST_CLARIFY',
  question_id: 'Could you tell me about your educational background - what did you study in college or university?',
  utterance: 'Thanks for letting me know! Just to clarify, are you saying you’d prefer to skip questions about your educational background, or is there a specific aspect you’d like me to focus on instead—such as your major, favorite courses, or how your father influenced your studies?',
  notes: []
}
isFinalQuestionValue false
🔧 CORS: Origin allowed: https://privacy-demo-flame.vercel.app
🔧 CORS: Origin allowed: https://privacy-demo-flame.vercel.app
🔧 Request: POST /api/chat from origin: https://privacy-demo-flame.vercel.app
🔧 CORS Headers: {
  origin: 'https://privacy-demo-flame.vercel.app',
  'access-control-request-method': undefined,
  'access-control-request-headers': undefined,
  'user-agent': 'Mozilla/5.0 (Windows NT 10.0; Win64; x64) AppleWebKit/537.36 (KHTML, like Gecko) Chrome/132.0.0.0 Safari/537.36'
}
ℹ️ [2025-08-27T13:24:06.355Z][/api/chat][d9vaqmbe] incoming params {
  hasMessage: true,
  step: 10,
  questionMode: true,
  isFinalQuestionFlag: false,
  followUpMode: true,
  currentQuestionProvided: true,
  predefinedCount: 0,
  sessionIdProvided: true,
  action: null
}
ℹ️ [2025-08-27T13:24:06.355Z][/api/chat][d9vaqmbe] session ready { currentSessionId: 'metzqu857h6uycczme', prevLen: 8, newLen: 9 }
ℹ️ [2025-08-27T13:24:06.355Z][/api/chat][d9vaqmbe] orchestrator state {
  phase: 'main',
  mainIdx: 0,
  qNow: "I'd love to hear about your current work and how you got into it by job interviews?",
  allowedActions: [
    'ASK_FOLLOWUP',
    'REQUEST_CLARIFY',
    'SUMMARIZE_QUESTION',
    'NEXT_QUESTION'
  ]
}
ℹ️ [2025-08-27T13:24:06.355Z][/api/chat][d9vaqmbe] prompt stats {
  sysPromptLen: 1574,
  messagesCount: 10,
  lastUserPreview: 'Freedom Bank'
}
🔍 Marking Q1_F3 as COVERED based on audit (2nd location)
Audit Result (Follow-up Coverage): {"question_id":"Could you tell me about your educational background - what did you study in college or university?","verdict":"REQUIRE_MORE","scores":null,"missing":["Q1_F1"],"notes":"Only Q1_F3 is covered; no explicit questions or answers about timing or location of studies.","confidence":0.95,"followUpQuestions":["When did you start your degree and when did you finish?"],"coverage_map":[{"id":"Q1_F1","covered":false,"evidence":""},{"id":"Q1_F2","covered":false,"evidence":""},{"id":"Q1_F3","covered":true,"evidence":"My father, he was my role model and i learnt a lot from him during my time in the university"}],"next_followup":{"id":"Q1_F1","prompt":"When did you start your degree and when did you finish?"},"shouldProceed":false,"reason":"Only Q1_F3 is covered; no explicit questions or answers about timing or location of studies."}
🔍 Follow-up retrieval debug: {
  question: 'Could you tell me about your educational backgroun...',
  questionIndex: 0,
  followupsFound: 3,
  followupDetails: [
    { id: 'Q1_F1', prompt: 'When did you start your degree...' },
    { id: 'Q1_F2', prompt: 'Where is your college or unive...' },
    { id: 'Q1_F3', prompt: 'Who comes to mind as someone y...' }
  ]
}
🔍 Detected user reluctance/no-experience but auto-skip is DISABLED: {
  cause: 'refusal',
  reason: 'User did not provide any information about their educational background and expressed a desire to change the topic.',
  question: 'Could you tell me about your educational backgroun...',
  action: 'Continue asking follow-ups anyway'
}
[coverage] {
  q: 'Could you tell me about your educational backgroun...',
  questionIndex: 0,
  totalFollowups: 3,
  followupIds: [ 'Q1_F1', 'Q1_F2', 'Q1_F3' ],
  covered: [ 'Q1_F3' ],
  pending: [ 'Q1_F1', 'Q1_F2' ],
  verdict: 'REQUIRE_MORE',
  auditCoverageMap: [
    { id: 'Q1_F1', covered: false, evidence: '' },
    { id: 'Q1_F2', covered: false, evidence: '' },
    {
      id: 'Q1_F3',
      covered: true,
      evidence: 'My father, he was my role model and i learnt a lot from him during my time in the university'
    }
  ]
}
ℹ️ [2025-08-27T13:24:07.842Z][/api/chat][d9vaqmbe] executor completed {
  ms: 1486,
  aiResponsePreview: 'Thanks for sharing that. Could you walk me through what the interview process was like at Freedom Bank—maybe a specific memory of one of the interviews, who was on the panel, or a '
}
⚠️ [2025-08-27T13:24:07.842Z][/api/chat][d9vaqmbe] executor output not JSON; using raw text
isFinalQuestionValue false
🔍 Marking Q2_F1 as COVERED based on audit (2nd location)
🔍 Marking Q2_F2 as COVERED based on audit (2nd location)
🔍 Marking Q2_F3 as COVERED based on audit (2nd location)
Audit Result (Follow-up Coverage): {"question_id":"I'd love to hear about your current work and how you got into it by job interviews?","verdict":"ALLOW_NEXT_QUESTION","scores":null,"missing":[],"notes":"All required follow-ups were explicitly asked and answered.","confidence":1,"followUpQuestions":null,"coverage_map":[{"id":"Q2_F1","covered":true,"evidence":"When did you start your current job and when did you do the interview?"},{"id":"Q2_F2","covered":true,"evidence":"What is your current job title?"},{"id":"Q2_F3","covered":true,"evidence":"What is your current employer or company?"}],"next_followup":null,"shouldProceed":true,"reason":"All required follow-ups were explicitly asked and answered."}
🔍 Follow-up retrieval debug: {
  question: "I'd love to hear about your current work and how y...",
  questionIndex: 0,
  followupsFound: 3,
  followupDetails: [
    { id: 'Q2_F1', prompt: 'When did you start your curren...' },
    { id: 'Q2_F2', prompt: 'What is your current job title...' },
    { id: 'Q2_F3', prompt: 'What is your current employer ...' }
  ]
}
[coverage] {
  q: "I'd love to hear about your current work and how y...",
  questionIndex: 0,
  totalFollowups: 3,
  followupIds: [ 'Q2_F1', 'Q2_F2', 'Q2_F3' ],
  covered: [ 'Q2_F1', 'Q2_F2', 'Q2_F3' ],
  pending: [],
  verdict: 'ALLOW_NEXT_QUESTION',
  auditCoverageMap: [
    {
      id: 'Q2_F1',
      covered: true,
      evidence: 'When did you start your current job and when did you do the interview?'
    },
    {
      id: 'Q2_F2',
      covered: true,
      evidence: 'What is your current job title?'
    },
    {
      id: 'Q2_F3',
      covered: true,
      evidence: 'What is your current employer or company?'
    }
  ]
}
Question Presence Audit Result: {"hasQuestion":false,"reason":"no question in the message; it is a summary/transition statement","confidence":1,"shouldRegenerate":false}
ℹ️ [2025-08-27T13:24:12.040Z][/api/chat][d9vaqmbe] presence audit {
  ms: 795,
  hasQuestion: false,
  shouldRegenerate: false,
  reason: 'no question in the message; it is a summary/transition statement',
  confidence: 1
}
🔍 shouldAdvance check: {
  phase: 'main',
  mainIdx: 0,
  completionAuditVerdict: 'ALLOW_NEXT_QUESTION',
  hasSession: true,
  hasFollowupCoveredFn: true,
  questionPreview: "I'd love to hear about your current work and how y..."
}
🔍 areAllFollowupsCovered results: {
  question: "I'd love to hear about your current work and how y...",
  followupCount: 3,
  coverageResults: [
    { id: 'Q2_F1', covered: true },
    { id: 'Q2_F2', covered: true },
    { id: 'Q2_F3', covered: true }
  ],
  allCovered: true
}
🔍 Follow-up coverage check: {
  questionIndex: 0,
  allCovered: true,
  questionPreview: "I'd love to hear about your current work and how y..."
}
ℹ️ [2025-08-27T13:24:13.934Z][/api/chat][d9vaqmbe] main question advanced via audit {
  phase: 'main',
  mainIdx: 1,
  newAllowed: [
    'ASK_FOLLOWUP',
    'REQUEST_CLARIFY',
    'SUMMARIZE_QUESTION',
    'NEXT_QUESTION'
  ],
  nextQuestion: "I'd love to hear about your current work and how you got into it by job interviews?"
}
🔍 allowNextIfAuditPass check: {
  phase: 'main',
  mainIdx: 1,
  completionAuditVerdict: 'ALLOW_NEXT_QUESTION',
  wantsImmediateNext: true
}
ℹ️ [2025-08-27T13:24:13.934Z][/api/chat][d9vaqmbe] finalize response {
  questionCompleted: true,
  usedRegenerate: false,
  usedPolish: false,
  responsePreview: 'Got it, that’s helpful. Next question:\n' +
    "I'd love to hear about your current work and how you got into it by job interviews?"
}
🔧 CORS: Origin allowed: https://privacy-demo-flame.vercel.app
🔧 CORS: Origin allowed: https://privacy-demo-flame.vercel.app
🔧 Request: POST /api/chat from origin: https://privacy-demo-flame.vercel.app
🔧 CORS Headers: {
  origin: 'https://privacy-demo-flame.vercel.app',
  'access-control-request-method': undefined,
  'access-control-request-headers': undefined,
  'user-agent': 'Mozilla/5.0 (Windows NT 10.0; Win64; x64) AppleWebKit/537.36 (KHTML, like Gecko) Chrome/132.0.0.0 Safari/537.36'
}
ℹ️ [2025-08-27T13:25:01.641Z][/api/chat][521jpug4] incoming params {
  hasMessage: true,
  step: 11,
  questionMode: true,
  isFinalQuestionFlag: false,
  followUpMode: true,
  currentQuestionProvided: true,
  predefinedCount: 0,
  sessionIdProvided: true,
  action: null
}
ℹ️ [2025-08-27T13:25:01.641Z][/api/chat][521jpug4] session ready { currentSessionId: 'metzf9ialvzxp11621', prevLen: 4, newLen: 5 }
ℹ️ [2025-08-27T13:25:01.641Z][/api/chat][521jpug4] orchestrator state {
  phase: 'main',
  mainIdx: 0,
  qNow: 'Could you tell me about your educational background - what did you study in college or university?',
  allowedActions: [
    'ASK_FOLLOWUP',
    'REQUEST_CLARIFY',
    'SUMMARIZE_QUESTION',
    'NEXT_QUESTION'
  ]
}
ℹ️ [2025-08-27T13:25:01.641Z][/api/chat][521jpug4] prompt stats {
  sysPromptLen: 1574,
  messagesCount: 6,
  lastUserPreview: 'I started in 2013 and finished in 2016'
}
ℹ️ [2025-08-27T13:25:03.000Z][/api/chat][521jpug4] executor completed {
  ms: 1359,
  aiResponsePreview: '{\n' +
    '  "action": "ASK_FOLLOWUP",\n' +
    '  "question_id": "CURRENT QUESTION",\n' +
    '  "utterance": "What was your major or main area of study during those years? Did you choose it because of your f'
}
ℹ️ [2025-08-27T13:25:03.000Z][/api/chat][521jpug4] executor parsed {
  action: 'ASK_FOLLOWUP',
  question_id: 'CURRENT QUESTION',
  utterance: "What was your major or main area of study during those years? Did you choose it because of your father's influence, or was there another reason?",
  notes: [
    'Started university in 2013, finished in 2016',
    'Father was a role model during university'
  ]
}
isFinalQuestionValue false
🔍 Marking Q1_F1 as COVERED based on audit (2nd location)
🔍 Clearing Q1_F3 as NOT COVERED based on audit (2nd location)
Audit Result (Follow-up Coverage): {"question_id":"Could you tell me about your educational background - what did you study in college or university?","verdict":"REQUIRE_MORE","scores":null,"missing":["Q1_F2"],"notes":"Only the timing of the degree has been explicitly asked and answered. Location and influential person have not been directly asked.","confidence":1,"followUpQuestions":["Where is your college or university located?"],"coverage_map":[{"id":"Q1_F1","covered":true,"evidence":"When did you start your degree and when did you finish?"},{"id":"Q1_F2","covered":false,"evidence":""},{"id":"Q1_F3","covered":false,"evidence":""}],"next_followup":{"id":"Q1_F2","prompt":"Where is your college or university located?"},"shouldProceed":false,"reason":"Only the timing of the degree has been explicitly asked and answered. Location and influential person have not been directly asked."}
🔍 Follow-up retrieval debug: {
  question: 'Could you tell me about your educational backgroun...',
  questionIndex: 0,
  followupsFound: 3,
  followupDetails: [
    { id: 'Q1_F1', prompt: 'When did you start your degree...' },
    { id: 'Q1_F2', prompt: 'Where is your college or unive...' },
    { id: 'Q1_F3', prompt: 'Who comes to mind as someone y...' }
  ]
}
  q: 'Could you tell me about your educational backgroun...',
  questionIndex: 0,
  totalFollowups: 3,
  followupIds: [ 'Q1_F1', 'Q1_F2', 'Q1_F3' ],
  covered: [ 'Q1_F1' ],
  pending: [ 'Q1_F2', 'Q1_F3' ],
  verdict: 'REQUIRE_MORE',
  auditCoverageMap: [
    {
      id: 'Q1_F1',
      covered: true,
      evidence: 'When did you start your degree and when did you finish?'
    },
    { id: 'Q1_F2', covered: false, evidence: '' },
    { id: 'Q1_F3', covered: false, evidence: '' }
  ]
}
🔧 CORS: Origin allowed: https://privacy-demo-flame.vercel.app
🔧 CORS: Origin allowed: https://privacy-demo-flame.vercel.app
🔧 Request: POST /api/chat from origin: https://privacy-demo-flame.vercel.app
🔧 CORS Headers: {
  origin: 'https://privacy-demo-flame.vercel.app',
  'access-control-request-method': undefined,
  'access-control-request-headers': undefined,
  'user-agent': 'Mozilla/5.0 (Windows NT 10.0; Win64; x64) AppleWebKit/537.36 (KHTML, like Gecko) Chrome/132.0.0.0 Safari/537.36'
}
ℹ️ [2025-08-27T13:25:35.301Z][/api/chat][ztj4aftu] incoming params {
  hasMessage: true,
  step: 11,
  questionMode: true,
  isFinalQuestionFlag: false,
  followUpMode: true,
  currentQuestionProvided: true,
  predefinedCount: 0,
  sessionIdProvided: true,
  action: null
}
ℹ️ [2025-08-27T13:25:35.301Z][/api/chat][ztj4aftu] session ready { currentSessionId: 'metzqu857h6uycczme', prevLen: 10, newLen: 11 }
ℹ️ [2025-08-27T13:25:35.301Z][/api/chat][ztj4aftu] orchestrator state {
  phase: 'main',
  mainIdx: 1,
  qNow: 'Can you walk me through a specific time when you used AI before and during job interviews?',
  allowedActions: [ 'ASK_FOLLOWUP', 'REQUEST_CLARIFY' ]
}
ℹ️ [2025-08-27T13:25:35.301Z][/api/chat][ztj4aftu] prompt stats {
  sysPromptLen: 1539,
  messagesCount: 12,
  lastUserPreview: 'I got the job through online application, after which I passed the interviewing process then got orientated into the sys'
}
ℹ️ [2025-08-27T13:25:36.965Z][/api/chat][ztj4aftu] executor completed {
  ms: 1663,
  aiResponsePreview: 'Thanks for outlining the process. Thinking back to your 2020 interview for the Manager role at Freedom Bank, can you walk me through a specific way you used AI before or during tha'
}
⚠️ [2025-08-27T13:25:36.965Z][/api/chat][ztj4aftu] executor output not JSON; using raw text
isFinalQuestionValue false
Audit Result (Follow-up Coverage): {"question_id":"Can you walk me through a specific time when you used AI before and during job interviews?","verdict":"REQUIRE_MORE","scores":null,"missing":["Q3_F1"],"notes":"No explicit follow-up questions about timing, tools, or impact of AI use have been asked yet.","confidence":1,"followUpQuestions":["When exactly did you use AI around the interview timeline?"],"coverage_map":[{"id":"Q3_F1","covered":false,"evidence":""},{"id":"Q3_F2","covered":false,"evidence":""},{"id":"Q3_F3","covered":false,"evidence":""}],"next_followup":{"id":"Q3_F1","prompt":"When exactly did you use AI around the interview timeline?"},"shouldProceed":false,"reason":"No explicit follow-up questions about timing, tools, or impact of AI use have been asked yet."}
🔍 Follow-up retrieval debug: {
  question: 'Can you walk me through a specific time when you u...',
  questionIndex: 1,
  followupsFound: 3,
  followupDetails: [
    { id: 'Q3_F1', prompt: 'When exactly did you use AI ar...' },
    { id: 'Q3_F2', prompt: 'Which AI tools did you use and...' },
    { id: 'Q3_F3', prompt: 'How did you use AI and what di...' }
  ]
}
🔍 Detected user reluctance/no-experience but auto-skip is DISABLED: {
  cause: 'no_experience',
  reason: 'User has not provided a specific example of using AI in job interviews.',
  question: 'Can you walk me through a specific time when you u...',
  action: 'Continue asking follow-ups anyway'
}
[coverage] {
  q: 'Can you walk me through a specific time when you u...',
  questionIndex: 1,
  totalFollowups: 3,
  followupIds: [ 'Q3_F1', 'Q3_F2', 'Q3_F3' ],
  covered: [],
  pending: [ 'Q3_F1', 'Q3_F2', 'Q3_F3' ],
  verdict: 'REQUIRE_MORE',
  auditCoverageMap: [
    { id: 'Q3_F1', covered: false, evidence: '' },
    { id: 'Q3_F2', covered: false, evidence: '' },
    { id: 'Q3_F3', covered: false, evidence: '' }
  ]
}
🔧 CORS: Origin allowed: https://privacy-demo-flame.vercel.app
🔧 CORS: Origin allowed: https://privacy-demo-flame.vercel.app
🔧 Request: POST /api/chat from origin: https://privacy-demo-flame.vercel.app
🔧 CORS Headers: {
  origin: 'https://privacy-demo-flame.vercel.app',
  'access-control-request-method': undefined,
  'access-control-request-headers': undefined,
  'user-agent': 'Mozilla/5.0 (Windows NT 10.0; Win64; x64) AppleWebKit/537.36 (KHTML, like Gecko) Chrome/132.0.0.0 Safari/537.36'
}
ℹ️ [2025-08-27T13:25:50.864Z][/api/chat][zhjw9e2u] incoming params {
  hasMessage: true,
  step: 12,
  questionMode: true,
  isFinalQuestionFlag: false,
  followUpMode: true,
  currentQuestionProvided: true,
  predefinedCount: 0,
  sessionIdProvided: true,
  action: null
}
ℹ️ [2025-08-27T13:25:50.864Z][/api/chat][zhjw9e2u] session ready { currentSessionId: 'metzf9ialvzxp11621', prevLen: 6, newLen: 7 }
ℹ️ [2025-08-27T13:25:50.864Z][/api/chat][zhjw9e2u] orchestrator state {
  phase: 'main',
  mainIdx: 0,
  qNow: 'Could you tell me about your educational background - what did you study in college or university?',
  allowedActions: [
    'ASK_FOLLOWUP',
    'REQUEST_CLARIFY',
    'SUMMARIZE_QUESTION',
    'NEXT_QUESTION'
  ]
}
ℹ️ [2025-08-27T13:25:50.864Z][/api/chat][zhjw9e2u] prompt stats {
  sysPromptLen: 1574,
  messagesCount: 8,
  lastUserPreview: 'I have responded to this question before. Can we move to the next stage of the interview?'
}
ℹ️ [2025-08-27T13:25:52.475Z][/api/chat][zhjw9e2u] executor completed {
  ms: 1611,
  aiResponsePreview: '{\n' +
    '  "action": "SUMMARIZE_QUESTION",\n' +
    '  "question_id": "Could you tell me about your educational background - what did you study in college or university?",\n' +
    '  "utterance": "You studi'
}
ℹ️ [2025-08-27T13:25:52.475Z][/api/chat][zhjw9e2u] executor parsed {
  action: 'SUMMARIZE_QUESTION',
  question_id: 'Could you tell me about your educational background - what did you study in college or university?',
  utterance: "You studied at university from 2013 to 2016, and your father was a significant role model during that time. Let's move on to the next stage of the interview.",
  notes: [
    'University attendance: 2013-2016',
    'Father was a key influence during studies'
  ]
}
isFinalQuestionValue false
🔍 Marking Q1_F1 as COVERED based on audit (2nd location)
🔍 Marking Q1_F2 as COVERED based on audit (2nd location)
🔍 Marking Q1_F3 as COVERED based on audit (2nd location)
Audit Result (Follow-up Coverage): {"question_id":"Could you tell me about your educational background - what did you study in college or university?","verdict":"ALLOW_NEXT_QUESTION","scores":null,"missing":[],"notes":"All required follow-ups were explicitly asked and answered.","confidence":0.95,"followUpQuestions":null,"coverage_map":[{"id":"Q1_F1","covered":true,"evidence":"When did you start your degree and when did you finish?"},{"id":"Q1_F2","covered":true,"evidence":"Where is your college or university located?"},{"id":"Q1_F3","covered":true,"evidence":"My father, he was my role model and i learnt a lot from him during my time in the university"}],"next_followup":null,"shouldProceed":true,"reason":"All required follow-ups were explicitly asked and answered."}
🔍 Follow-up retrieval debug: {
  question: 'Could you tell me about your educational backgroun...',
  questionIndex: 0,
  followupsFound: 3,
  followupDetails: [
    { id: 'Q1_F1', prompt: 'When did you start your degree...' },
    { id: 'Q1_F2', prompt: 'Where is your college or unive...' },
    { id: 'Q1_F3', prompt: 'Who comes to mind as someone y...' }
  ]
}
🔍 Detected user reluctance/no-experience but auto-skip is DISABLED: {
  cause: 'refusal',
  reason: 'User is refusing to provide details about their educational background.',
  question: 'Could you tell me about your educational backgroun...',
  action: 'Continue asking follow-ups anyway'
}
[coverage] {
  q: 'Could you tell me about your educational backgroun...',
  questionIndex: 0,
  totalFollowups: 3,
  followupIds: [ 'Q1_F1', 'Q1_F2', 'Q1_F3' ],
  covered: [ 'Q1_F1', 'Q1_F2', 'Q1_F3' ],
  pending: [],
  verdict: 'ALLOW_NEXT_QUESTION',
  auditCoverageMap: [
    {
      id: 'Q1_F1',
      covered: true,
      evidence: 'When did you start your degree and when did you finish?'
    },
    {
      id: 'Q1_F2',
      covered: true,
      evidence: 'Where is your college or university located?'
    },
    {
      id: 'Q1_F3',
      covered: true,
      evidence: 'My father, he was my role model and i learnt a lot from him during my time in the university'
    }
  ]
}
Question Presence Audit Result: {"hasQuestion":false,"reason":"summary/transition message with no question","confidence":1,"shouldRegenerate":false}
ℹ️ [2025-08-27T13:25:56.183Z][/api/chat][zhjw9e2u] presence audit {
  ms: 667,
  hasQuestion: false,
  shouldRegenerate: false,
  reason: 'summary/transition message with no question',
  confidence: 1
}
🔍 shouldAdvance check: {
  phase: 'main',
  mainIdx: 0,
  completionAuditVerdict: 'ALLOW_NEXT_QUESTION',
  hasSession: true,
  hasFollowupCoveredFn: true,
  questionPreview: 'Could you tell me about your educational backgroun...'
}
🔍 areAllFollowupsCovered results: {
  question: 'Could you tell me about your educational backgroun...',
  followupCount: 3,
  coverageResults: [
    { id: 'Q1_F1', covered: true },
    { id: 'Q1_F2', covered: true },
    { id: 'Q1_F3', covered: true }
  ],
  allCovered: true
}
🔍 Follow-up coverage check: {
  questionIndex: 0,
  allCovered: true,
  questionPreview: 'Could you tell me about your educational backgroun...'
}
ℹ️ [2025-08-27T13:25:57.240Z][/api/chat][zhjw9e2u] main question advanced via audit {
  phase: 'main',
  mainIdx: 1,
  newAllowed: [
    'ASK_FOLLOWUP',
    'REQUEST_CLARIFY',
    'SUMMARIZE_QUESTION',
    'NEXT_QUESTION'
  ],
  nextQuestion: "I'd love to hear about your current work and how you got into it by job interviews?"
}
🔍 allowNextIfAuditPass check: {
  phase: 'main',
  mainIdx: 1,
  completionAuditVerdict: 'ALLOW_NEXT_QUESTION',
  wantsImmediateNext: true
}
ℹ️ [2025-08-27T13:25:57.240Z][/api/chat][zhjw9e2u] finalize response {
  questionCompleted: true,
  usedRegenerate: false,
  usedPolish: false,
  responsePreview: 'Got it, that’s helpful. Next question:\n' +
    "I'd love to hear about your current work and how you got into it by job interviews?"
}
[poller] scanning (study=68adb0cb59d609257e432438)…
[poller] no new NO-CODE items (pulled: 20 )
🔧 CORS: Origin allowed: https://privacy-demo-flame.vercel.app
🔧 CORS: Origin allowed: https://privacy-demo-flame.vercel.app
🔧 Request: POST /api/chat from origin: https://privacy-demo-flame.vercel.app
🔧 CORS Headers: {
  origin: 'https://privacy-demo-flame.vercel.app',
  'access-control-request-method': undefined,
  'access-control-request-headers': undefined,
  'user-agent': 'Mozilla/5.0 (Windows NT 10.0; Win64; x64) AppleWebKit/537.36 (KHTML, like Gecko) Chrome/132.0.0.0 Safari/537.36'
}
ℹ️ [2025-08-27T13:26:49.312Z][/api/chat][ovgxku3j] incoming params {
  hasMessage: true,
  step: 12,
  questionMode: true,
  isFinalQuestionFlag: false,
  followUpMode: true,
  currentQuestionProvided: true,
  predefinedCount: 0,
  sessionIdProvided: true,
  action: null
}
ℹ️ [2025-08-27T13:26:49.312Z][/api/chat][ovgxku3j] session ready { currentSessionId: 'metzqu857h6uycczme', prevLen: 12, newLen: 13 }
ℹ️ [2025-08-27T13:26:49.312Z][/api/chat][ovgxku3j] orchestrator state {
  phase: 'main',
  mainIdx: 1,
  qNow: 'Can you walk me through a specific time when you used AI before and during job interviews?',
  allowedActions: [ 'ASK_FOLLOWUP', 'REQUEST_CLARIFY' ]
}
ℹ️ [2025-08-27T13:26:49.312Z][/api/chat][ovgxku3j] prompt stats {
  sysPromptLen: 1539,
  messagesCount: 14,
  lastUserPreview: 'I recently used ChatGPT to prepare for an interview and also during the interview even though the outcome is not yet out'
}
ℹ️ [2025-08-27T13:26:50.517Z][/api/chat][ovgxku3j] executor completed {
  ms: 1205,
  aiResponsePreview: 'That’s really interesting! Could you walk me through exactly how you used ChatGPT before the interview—what you asked it, what it gave you, and how you used that information to pre'
}
⚠️ [2025-08-27T13:26:50.517Z][/api/chat][ovgxku3j] executor output not JSON; using raw text
isFinalQuestionValue false
🔍 Marking Q3_F1 as COVERED based on audit (2nd location)
Audit Result (Follow-up Coverage): {"question_id":"Can you walk me through a specific time when you used AI before and during job interviews?","verdict":"REQUIRE_MORE","scores":null,"missing":["Q3_F2"],"notes":"Only Q3_F1 has been explicitly asked and answered. Q3_F2 and Q3_F3 remain, but Q3_F2 comes first.","confidence":0.95,"followUpQuestions":["Which AI tools did you use and for what tasks?"],"coverage_map":[{"id":"Q3_F1","covered":true,"evidence":"When exactly did you use AI around the interview timeline?"},{"id":"Q3_F2","covered":false,"evidence":""},{"id":"Q3_F3","covered":false,"evidence":""}],"next_followup":{"id":"Q3_F2","prompt":"Which AI tools did you use and for what tasks?"},"shouldProceed":false,"reason":"Only Q3_F1 has been explicitly asked and answered. Q3_F2 and Q3_F3 remain, but Q3_F2 comes first."}
🔍 Follow-up retrieval debug: {
  question: 'Can you walk me through a specific time when you u...',
  questionIndex: 1,
  followupsFound: 3,
  followupDetails: [
    { id: 'Q3_F1', prompt: 'When exactly did you use AI ar...' },
    { id: 'Q3_F2', prompt: 'Which AI tools did you use and...' },
    { id: 'Q3_F3', prompt: 'How did you use AI and what di...' }
  ]
}
[coverage] {
  q: 'Can you walk me through a specific time when you u...',
  questionIndex: 1,
  totalFollowups: 3,
  followupIds: [ 'Q3_F1', 'Q3_F2', 'Q3_F3' ],
  covered: [ 'Q3_F1' ],
  pending: [ 'Q3_F2', 'Q3_F3' ],
  verdict: 'REQUIRE_MORE',
  auditCoverageMap: [
    {
      id: 'Q3_F1',
      covered: true,
      evidence: 'When exactly did you use AI around the interview timeline?'
    },
    { id: 'Q3_F2', covered: false, evidence: '' },
    { id: 'Q3_F3', covered: false, evidence: '' }
  ]
}
🔧 CORS: Origin allowed: https://privacy-demo-flame.vercel.app
🔧 CORS: Origin allowed: https://privacy-demo-flame.vercel.app
🔧 CORS: Origin allowed: https://privacy-demo-flame.vercel.app
🔧 Request: POST /api/study/allocate from origin: https://privacy-demo-flame.vercel.app
🔧 CORS Headers: {
  origin: 'https://privacy-demo-flame.vercel.app',
  'access-control-request-method': undefined,
  'access-control-request-headers': undefined,
  'user-agent': 'Mozilla/5.0 (Windows NT 10.0; Win64; x64) AppleWebKit/537.36 (KHTML, like Gecko) Chrome/139.0.0.0 Safari/537.36'
}
🔧 CORS: Origin allowed: https://privacy-demo-flame.vercel.app
🔧 Request: POST /api/prolific/start from origin: https://privacy-demo-flame.vercel.app
🔧 CORS Headers: {
  origin: 'https://privacy-demo-flame.vercel.app',
  'access-control-request-method': undefined,
  'access-control-request-headers': undefined,
  'user-agent': 'Mozilla/5.0 (Windows NT 10.0; Win64; x64) AppleWebKit/537.36 (KHTML, like Gecko) Chrome/139.0.0.0 Safari/537.36'
}
🔧 CORS: Origin allowed: https://privacy-demo-flame.vercel.app
🔧 CORS: Origin allowed: https://privacy-demo-flame.vercel.app
🔧 Request: POST /api/reset from origin: https://privacy-demo-flame.vercel.app
🔧 CORS Headers: {
  origin: 'https://privacy-demo-flame.vercel.app',
  'access-control-request-method': undefined,
  'access-control-request-headers': undefined,
  'user-agent': 'Mozilla/5.0 (Windows NT 10.0; Win64; x64) AppleWebKit/537.36 (KHTML, like Gecko) Chrome/139.0.0.0 Safari/537.36'
}
Reset all sessions
🔧 CORS: Origin allowed: https://privacy-demo-flame.vercel.app
🔧 Request: GET /api/config from origin: https://privacy-demo-flame.vercel.app
🔧 CORS Headers: {
  origin: 'https://privacy-demo-flame.vercel.app',
  'access-control-request-method': undefined,
  'access-control-request-headers': undefined,
  'user-agent': 'Mozilla/5.0 (Windows NT 10.0; Win64; x64) AppleWebKit/537.36 (KHTML, like Gecko) Chrome/139.0.0.0 Safari/537.36'
}
🔧 CORS: Origin allowed: https://privacy-demo-flame.vercel.app
🔧 Request: POST /api/prolific/start from origin: https://privacy-demo-flame.vercel.app
🔧 CORS Headers: {
  origin: 'https://privacy-demo-flame.vercel.app',
  'access-control-request-method': undefined,
  'access-control-request-headers': undefined,
  'user-agent': 'Mozilla/5.0 (Windows NT 10.0; Win64; x64) AppleWebKit/537.36 (KHTML, like Gecko) Chrome/139.0.0.0 Safari/537.36'
}
🔧 CORS: Origin allowed: https://privacy-demo-flame.vercel.app
🔧 Request: GET /api/predefined_questions/featured from origin: https://privacy-demo-flame.vercel.app
🔧 CORS Headers: {
  origin: 'https://privacy-demo-flame.vercel.app',
  'access-control-request-method': undefined,
  'access-control-request-headers': undefined,
  'user-agent': 'Mozilla/5.0 (Windows NT 10.0; Win64; x64) AppleWebKit/537.36 (KHTML, like Gecko) Chrome/139.0.0.0 Safari/537.36'
}
🔧 CORS: Origin allowed: https://privacy-demo-flame.vercel.app
🔧 CORS: Origin allowed: https://privacy-demo-flame.vercel.app
🔧 Request: POST /api/chat from origin: https://privacy-demo-flame.vercel.app
🔧 CORS Headers: {
  origin: 'https://privacy-demo-flame.vercel.app',
  'access-control-request-method': undefined,
  'access-control-request-headers': undefined,
  'user-agent': 'Mozilla/5.0 (Windows NT 10.0; Win64; x64) AppleWebKit/537.36 (KHTML, like Gecko) Chrome/139.0.0.0 Safari/537.36'
}
ℹ️ [2025-08-27T13:27:06.155Z][/api/chat][efhicsro] incoming params {
  hasMessage: true,
  step: 0,
  questionMode: true,
  isFinalQuestionFlag: false,
  followUpMode: true,
  currentQuestionProvided: false,
  predefinedCount: 0,
  sessionIdProvided: true,
  action: 'START_QUESTION_MODE'
}
ℹ️ [2025-08-27T13:27:06.155Z][/api/chat][efhicsro] handling START_QUESTION_MODE action
🔧 CORS: Origin allowed: https://privacy-demo-flame.vercel.app
🔧 CORS: Origin allowed: https://privacy-demo-flame.vercel.app
🔧 Request: POST /api/chat from origin: https://privacy-demo-flame.vercel.app
🔧 CORS Headers: {
  origin: 'https://privacy-demo-flame.vercel.app',
  'access-control-request-method': undefined,
  'access-control-request-headers': undefined,
  'user-agent': 'Mozilla/5.0 (Windows NT 10.0; Win64; x64) AppleWebKit/537.36 (KHTML, like Gecko) Chrome/132.0.0.0 Safari/537.36'
}
ℹ️ [2025-08-27T13:27:53.488Z][/api/chat][m6sc1dm0] incoming params {
  hasMessage: true,
  step: 13,
  questionMode: true,
  isFinalQuestionFlag: false,
  followUpMode: true,
  currentQuestionProvided: true,
  predefinedCount: 0,
  sessionIdProvided: true,
  action: null
}
ℹ️ [2025-08-27T13:27:53.488Z][/api/chat][m6sc1dm0] session ready { currentSessionId: 'metzqu857h6uycczme', prevLen: 0, newLen: 1 }
ℹ️ [2025-08-27T13:27:53.488Z][/api/chat][m6sc1dm0] orchestrator state {
  phase: 'main',
  mainIdx: 0,
  qNow: 'Can you walk me through a specific time when you used AI before and during job interviews?',
  allowedActions: [
    'ASK_FOLLOWUP',
    'REQUEST_CLARIFY',
    'SUMMARIZE_QUESTION',
    'NEXT_QUESTION'
  ]
}
ℹ️ [2025-08-27T13:27:53.488Z][/api/chat][m6sc1dm0] prompt stats {
  sysPromptLen: 1574,
  messagesCount: 2,
  lastUserPreview: 'I specifically used ChatGPT to answer questions and also to prepare for the specific questions before the interview.'
}
🔧 CORS: Origin allowed: https://privacy-demo-flame.vercel.app
🔧 CORS: Origin allowed: https://privacy-demo-flame.vercel.app
🔧 Request: POST /api/reset from origin: https://privacy-demo-flame.vercel.app
🔧 CORS Headers: {
  origin: 'https://privacy-demo-flame.vercel.app',
  'access-control-request-method': undefined,
  'access-control-request-headers': undefined,
  'user-agent': 'Mozilla/5.0 (Linux; Android 10; K) AppleWebKit/537.36 (KHTML, like Gecko) Chrome/131.0.0.0 Mobile Safari/537.36'
}
Reset all sessions
🔧 CORS: Origin allowed: https://privacy-demo-flame.vercel.app
🔧 Request: GET /api/config from origin: https://privacy-demo-flame.vercel.app
🔧 CORS Headers: {
  origin: 'https://privacy-demo-flame.vercel.app',
  'access-control-request-method': undefined,
  'access-control-request-headers': undefined,
  'user-agent': 'Mozilla/5.0 (Linux; Android 10; K) AppleWebKit/537.36 (KHTML, like Gecko) Chrome/131.0.0.0 Mobile Safari/537.36'
}
🔧 CORS: Origin allowed: https://privacy-demo-flame.vercel.app
🔧 Request: GET /api/predefined_questions/naive from origin: https://privacy-demo-flame.vercel.app
🔧 CORS Headers: {
  origin: 'https://privacy-demo-flame.vercel.app',
  'access-control-request-method': undefined,
  'access-control-request-headers': undefined,
  'user-agent': 'Mozilla/5.0 (Linux; Android 10; K) AppleWebKit/537.36 (KHTML, like Gecko) Chrome/131.0.0.0 Mobile Safari/537.36'
}
🔧 CORS: Origin allowed: https://privacy-demo-flame.vercel.app
🔧 CORS: Origin allowed: https://privacy-demo-flame.vercel.app
🔧 Request: POST /api/reset from origin: https://privacy-demo-flame.vercel.app
🔧 CORS Headers: {
  origin: 'https://privacy-demo-flame.vercel.app',
  'access-control-request-method': undefined,
  'access-control-request-headers': undefined,
  'user-agent': 'Mozilla/5.0 (Linux; Android 10; K) AppleWebKit/537.36 (KHTML, like Gecko) Chrome/131.0.0.0 Mobile Safari/537.36'
}
Reset all sessions
🔧 CORS: Origin allowed: https://privacy-demo-flame.vercel.app
🔧 Request: GET /api/config from origin: https://privacy-demo-flame.vercel.app
🔧 CORS Headers: {
  origin: 'https://privacy-demo-flame.vercel.app',
  'access-control-request-method': undefined,
  'access-control-request-headers': undefined,
  'user-agent': 'Mozilla/5.0 (Linux; Android 10; K) AppleWebKit/537.36 (KHTML, like Gecko) Chrome/131.0.0.0 Mobile Safari/537.36'
}
🔧 CORS: Origin allowed: https://privacy-demo-flame.vercel.app
🔧 Request: GET /api/predefined_questions/naive from origin: https://privacy-demo-flame.vercel.app
🔧 CORS Headers: {
  origin: 'https://privacy-demo-flame.vercel.app',
  'access-control-request-method': undefined,
  'access-control-request-headers': undefined,
  'user-agent': 'Mozilla/5.0 (Linux; Android 10; K) AppleWebKit/537.36 (KHTML, like Gecko) Chrome/131.0.0.0 Mobile Safari/537.36'
}
🔧 CORS: Origin allowed: https://privacy-demo-flame.vercel.app
🔧 CORS: Origin allowed: https://privacy-demo-flame.vercel.app
🔧 Request: POST /api/chat from origin: https://privacy-demo-flame.vercel.app
🔧 CORS Headers: {
  origin: 'https://privacy-demo-flame.vercel.app',
  'access-control-request-method': undefined,
  'access-control-request-headers': undefined,
  'user-agent': 'Mozilla/5.0 (Windows NT 10.0; Win64; x64) AppleWebKit/537.36 (KHTML, like Gecko) Chrome/132.0.0.0 Safari/537.36'
}
ℹ️ [2025-08-27T13:28:47.748Z][/api/chat][q0y8f3rl] incoming params {
  hasMessage: true,
  step: 14,
  questionMode: true,
  isFinalQuestionFlag: false,
  followUpMode: true,
  currentQuestionProvided: true,
  predefinedCount: 0,
  sessionIdProvided: true,
  action: null
}
ℹ️ [2025-08-27T13:28:47.748Z][/api/chat][q0y8f3rl] session ready { currentSessionId: 'metzqu857h6uycczme', prevLen: 0, newLen: 1 }
ℹ️ [2025-08-27T13:28:47.748Z][/api/chat][q0y8f3rl] orchestrator state {
  phase: 'main',
  mainIdx: 0,
  qNow: 'Can you walk me through a specific time when you used AI before and during job interviews?',
  allowedActions: [
    'ASK_FOLLOWUP',
    'REQUEST_CLARIFY',
    'SUMMARIZE_QUESTION',
    'NEXT_QUESTION'
  ]
}
ℹ️ [2025-08-27T13:28:47.748Z][/api/chat][q0y8f3rl] prompt stats {
  sysPromptLen: 1574,
  messagesCount: 2,
  lastUserPreview: 'I generally used it to help me answer specific questions which I do not remember.'
}
🔧 CORS: Origin allowed: https://privacy-demo-flame.vercel.app
🔧 CORS: Origin allowed: https://privacy-demo-flame.vercel.app
🔧 Request: POST /api/chat from origin: https://privacy-demo-flame.vercel.app
🔧 CORS Headers: {
  origin: 'https://privacy-demo-flame.vercel.app',
  'access-control-request-method': undefined,
  'access-control-request-headers': undefined,
  'user-agent': 'Mozilla/5.0 (Windows NT 10.0; Win64; x64) AppleWebKit/537.36 (KHTML, like Gecko) Chrome/132.0.0.0 Safari/537.36'
}
ℹ️ [2025-08-27T13:29:15.364Z][/api/chat][5i5xnzki] incoming params {
  hasMessage: true,
  step: 13,
  questionMode: true,
  isFinalQuestionFlag: false,
  followUpMode: true,
  currentQuestionProvided: true,
  predefinedCount: 0,
  sessionIdProvided: true,
  action: null
}
ℹ️ [2025-08-27T13:29:15.364Z][/api/chat][5i5xnzki] session ready { currentSessionId: 'metzf9ialvzxp11621', prevLen: 0, newLen: 1 }
ℹ️ [2025-08-27T13:29:15.364Z][/api/chat][5i5xnzki] orchestrator state {
  phase: 'main',
  mainIdx: 0,
  qNow: "I'd love to hear about your current work and how you got into it by job interviews?",
  allowedActions: [
    'ASK_FOLLOWUP',
    'REQUEST_CLARIFY',
    'SUMMARIZE_QUESTION',
    'NEXT_QUESTION'
  ]
}
ℹ️ [2025-08-27T13:29:15.364Z][/api/chat][5i5xnzki] prompt stats {
  sysPromptLen: 1574,
  messagesCount: 2,
  lastUserPreview: 'I am a business analyst in marketing and advertising company. I had two interviews before I was employed. The first inte'
}
🔧 CORS: Origin allowed: https://privacy-demo-flame.vercel.app
🔧 Request: GET /api/predefined_questions/neutral from origin: https://privacy-demo-flame.vercel.app
🔧 CORS Headers: {
  origin: 'https://privacy-demo-flame.vercel.app',
  'access-control-request-method': undefined,
  'access-control-request-headers': undefined,
  'user-agent': 'Mozilla/5.0 (Linux; Android 10; K) AppleWebKit/537.36 (KHTML, like Gecko) Chrome/131.0.0.0 Mobile Safari/537.36'
}
🔧 CORS: Origin allowed: https://privacy-demo-flame.vercel.app
🔧 Request: GET /api/predefined_questions/featured from origin: https://privacy-demo-flame.vercel.app
🔧 CORS Headers: {
  origin: 'https://privacy-demo-flame.vercel.app',
  'access-control-request-method': undefined,
  'access-control-request-headers': undefined,
  'user-agent': 'Mozilla/5.0 (Linux; Android 10; K) AppleWebKit/537.36 (KHTML, like Gecko) Chrome/131.0.0.0 Mobile Safari/537.36'
}
🔧 CORS: Origin allowed: https://privacy-demo-flame.vercel.app
🔧 CORS: Origin allowed: https://privacy-demo-flame.vercel.app
🔧 Request: POST /api/chat from origin: https://privacy-demo-flame.vercel.app
🔧 CORS Headers: {
  origin: 'https://privacy-demo-flame.vercel.app',
  'access-control-request-method': undefined,
  'access-control-request-headers': undefined,
  'user-agent': 'Mozilla/5.0 (Linux; Android 10; K) AppleWebKit/537.36 (KHTML, like Gecko) Chrome/131.0.0.0 Mobile Safari/537.36'
}
ℹ️ [2025-08-27T13:29:36.965Z][/api/chat][4c9uqan4] incoming params {
  hasMessage: true,
  step: 0,
  questionMode: true,
  isFinalQuestionFlag: false,
  followUpMode: true,
  currentQuestionProvided: false,
  predefinedCount: 0,
  sessionIdProvided: true,
  action: 'START_QUESTION_MODE'
}
ℹ️ [2025-08-27T13:29:36.965Z][/api/chat][4c9uqan4] handling START_QUESTION_MODE action
🔧 CORS: Origin allowed: https://privacy-demo-flame.vercel.app
🔧 Request: POST /api/chat from origin: https://privacy-demo-flame.vercel.app
🔧 CORS Headers: {
  origin: 'https://privacy-demo-flame.vercel.app',
  'access-control-request-method': undefined,
  'access-control-request-headers': undefined,
  'user-agent': 'Mozilla/5.0 (Linux; Android 10; K) AppleWebKit/537.36 (KHTML, like Gecko) Chrome/131.0.0.0 Mobile Safari/537.36'
}
ℹ️ [2025-08-27T13:29:36.981Z][/api/chat][n14sorsg] incoming params {
  hasMessage: true,
  step: 0,
  questionMode: true,
  isFinalQuestionFlag: false,
  followUpMode: true,
  currentQuestionProvided: false,
  predefinedCount: 0,
  sessionIdProvided: true,
  action: 'START_QUESTION_MODE'
}
ℹ️ [2025-08-27T13:29:36.981Z][/api/chat][n14sorsg] handling START_QUESTION_MODE action
🔧 CORS: Origin allowed: https://privacy-demo-flame.vercel.app
🔧 Request: POST /api/chat from origin: https://privacy-demo-flame.vercel.app
🔧 CORS Headers: {
  origin: 'https://privacy-demo-flame.vercel.app',
  'access-control-request-method': undefined,
  'access-control-request-headers': undefined,
  'user-agent': 'Mozilla/5.0 (Linux; Android 10; K) AppleWebKit/537.36 (KHTML, like Gecko) Chrome/131.0.0.0 Mobile Safari/537.36'
}
ℹ️ [2025-08-27T13:29:37.070Z][/api/chat][lsg9ab5n] incoming params {
  hasMessage: true,
  step: 0,
  questionMode: true,
  isFinalQuestionFlag: false,
  followUpMode: true,
  currentQuestionProvided: false,
  predefinedCount: 0,
  sessionIdProvided: true,
  action: 'START_QUESTION_MODE'
}
ℹ️ [2025-08-27T13:29:37.071Z][/api/chat][lsg9ab5n] handling START_QUESTION_MODE action
🔧 CORS: Origin allowed: https://privacy-demo-flame.vercel.app
🔧 CORS: Origin allowed: https://privacy-demo-flame.vercel.app
🔧 Request: POST /api/chat from origin: https://privacy-demo-flame.vercel.app
🔧 CORS Headers: {
  origin: 'https://privacy-demo-flame.vercel.app',
  'access-control-request-method': undefined,
  'access-control-request-headers': undefined,
  'user-agent': 'Mozilla/5.0 (Windows NT 10.0; Win64; x64) AppleWebKit/537.36 (KHTML, like Gecko) Chrome/132.0.0.0 Safari/537.36'
}
ℹ️ [2025-08-27T13:30:00.352Z][/api/chat][fpy6qdgh] incoming params {
  hasMessage: true,
  step: 14,
  questionMode: true,
  isFinalQuestionFlag: false,
  followUpMode: true,
  currentQuestionProvided: true,
  predefinedCount: 0,
  sessionIdProvided: true,
  action: null
}
ℹ️ [2025-08-27T13:30:00.352Z][/api/chat][fpy6qdgh] session ready { currentSessionId: 'metzf9ialvzxp11621', prevLen: 2, newLen: 3 }
ℹ️ [2025-08-27T13:30:00.352Z][/api/chat][fpy6qdgh] orchestrator state {
  phase: 'main',
  mainIdx: 0,
  qNow: "I'd love to hear about your current work and how you got into it by job interviews?",
  allowedActions: [
    'ASK_FOLLOWUP',
    'REQUEST_CLARIFY',
    'SUMMARIZE_QUESTION',
    'NEXT_QUESTION'
  ]
}
ℹ️ [2025-08-27T13:30:00.352Z][/api/chat][fpy6qdgh] prompt stats {
  sysPromptLen: 1574,
  messagesCount: 4,
  lastUserPreview: 'can we move to the next question as I have replied that question'
}
🔧 CORS: Origin allowed: https://privacy-demo-flame.vercel.app
🔧 CORS: Origin allowed: https://privacy-demo-flame.vercel.app
🔧 Request: POST /api/reset from origin: https://privacy-demo-flame.vercel.app
🔧 CORS Headers: {
  origin: 'https://privacy-demo-flame.vercel.app',
  'access-control-request-method': undefined,
  'access-control-request-headers': undefined,
  'user-agent': 'Mozilla/5.0 (Linux; Android 10; K) AppleWebKit/537.36 (KHTML, like Gecko) Chrome/131.0.0.0 Mobile Safari/537.36'
}
Reset all sessions
🔧 CORS: Origin allowed: https://privacy-demo-flame.vercel.app
🔧 Request: GET /api/config from origin: https://privacy-demo-flame.vercel.app
🔧 CORS Headers: {
  origin: 'https://privacy-demo-flame.vercel.app',
  'access-control-request-method': undefined,
  'access-control-request-headers': undefined,
  'user-agent': 'Mozilla/5.0 (Linux; Android 10; K) AppleWebKit/537.36 (KHTML, like Gecko) Chrome/131.0.0.0 Mobile Safari/537.36'
}
🔧 CORS: Origin allowed: https://privacy-demo-flame.vercel.app
🔧 Request: GET /api/predefined_questions/naive from origin: https://privacy-demo-flame.vercel.app
🔧 CORS Headers: {
  origin: 'https://privacy-demo-flame.vercel.app',
  'access-control-request-method': undefined,
  'access-control-request-headers': undefined,
  'user-agent': 'Mozilla/5.0 (Linux; Android 10; K) AppleWebKit/537.36 (KHTML, like Gecko) Chrome/131.0.0.0 Mobile Safari/537.36'
}
ℹ️ [2025-08-27T13:30:03.104Z][/api/chat][fpy6qdgh] executor completed {
  ms: 2752,
  aiResponsePreview: '{\n' +
    '  "action": "SUMMARIZE_QUESTION",\n' +
    '  "question_id": "CURRENT QUESTION",\n' +
    '  "utterance": "You’re a business analyst at a marketing and advertising company, and your hiring process i'
}
ℹ️ [2025-08-27T13:30:03.104Z][/api/chat][fpy6qdgh] executor parsed {
  action: 'SUMMARIZE_QUESTION',
  question_id: 'CURRENT QUESTION',
  utterance: 'You’re a business analyst at a marketing and advertising company, and your hiring process included both an AI-conducted interview and a traditional in-person interview with the hiring team. Let’s move on to the next question.',
  notes: [
    'Business analyst in marketing/advertising',
    'Two interviews: one AI, one in-person'
  ]
}
isFinalQuestionValue false
🔍 Marking Q2_F2 as COVERED based on audit (2nd location)
🔍 Marking Q2_F3 as COVERED based on audit (2nd location)
Audit Result (Follow-up Coverage): {"question_id":"I'd love to hear about your current work and how you got into it by job interviews?","verdict":"REQUIRE_MORE","scores":null,"missing":["Q2_F1"],"notes":"Job title and company are covered, but no explicit question or answer about start/interview dates.","confidence":0.95,"followUpQuestions":["When did you start your current job and when did you do the interview?"],"coverage_map":[{"id":"Q2_F1","covered":false,"evidence":""},{"id":"Q2_F2","covered":true,"evidence":"I am a business analyst"},{"id":"Q2_F3","covered":true,"evidence":"in marketing and advertising company"}],"next_followup":{"id":"Q2_F1","prompt":"When did you start your current job and when did you do the interview?"},"shouldProceed":false,"reason":"Job title and company are covered, but no explicit question or answer about start/interview dates."}
🔍 Follow-up retrieval debug: {
  question: "I'd love to hear about your current work and how y...",
  questionIndex: 0,
  followupsFound: 3,
  followupDetails: [
    { id: 'Q2_F1', prompt: 'When did you start your curren...' },
    { id: 'Q2_F2', prompt: 'What is your current job title...' },
    { id: 'Q2_F3', prompt: 'What is your current employer ...' }
  ]
}
🔧 CORS: Origin allowed: https://privacy-demo-flame.vercel.app
🔧 Request: POST /api/reset from origin: https://privacy-demo-flame.vercel.app
🔧 CORS Headers: {
  origin: 'https://privacy-demo-flame.vercel.app',
  'access-control-request-method': undefined,
  'access-control-request-headers': undefined,
  'user-agent': 'Mozilla/5.0 (Linux; Android 10; K) AppleWebKit/537.36 (KHTML, like Gecko) Chrome/131.0.0.0 Mobile Safari/537.36'
}
Reset all sessions
🔍 Detected user reluctance/no-experience but auto-skip is DISABLED: {
  cause: 'refusal',
  reason: 'User is refusing to provide further details about their current work and job interviews.',
  question: "I'd love to hear about your current work and how y...",
  action: 'Continue asking follow-ups anyway'
}
[coverage] {
  q: "I'd love to hear about your current work and how y...",
  questionIndex: 0,
  totalFollowups: 3,
  followupIds: [ 'Q2_F1', 'Q2_F2', 'Q2_F3' ],
  covered: [ 'Q2_F2', 'Q2_F3' ],
  pending: [ 'Q2_F1' ],
  verdict: 'REQUIRE_MORE',
  auditCoverageMap: [
    { id: 'Q2_F1', covered: false, evidence: '' },
    { id: 'Q2_F2', covered: true, evidence: 'I am a business analyst' },
    {
      id: 'Q2_F3',
      covered: true,
      evidence: 'in marketing and advertising company'
    }
  ]
}
🔧 CORS: Origin allowed: https://privacy-demo-flame.vercel.app
🔧 Request: GET /api/config from origin: https://privacy-demo-flame.vercel.app
🔧 CORS Headers: {
  origin: 'https://privacy-demo-flame.vercel.app',
  'access-control-request-method': undefined,
  'access-control-request-headers': undefined,
  'user-agent': 'Mozilla/5.0 (Linux; Android 10; K) AppleWebKit/537.36 (KHTML, like Gecko) Chrome/131.0.0.0 Mobile Safari/537.36'
}
🔧 CORS: Origin allowed: https://privacy-demo-flame.vercel.app
🔧 Request: GET /api/predefined_questions/naive from origin: https://privacy-demo-flame.vercel.app
🔧 CORS Headers: {
  origin: 'https://privacy-demo-flame.vercel.app',
  'access-control-request-method': undefined,
  'access-control-request-headers': undefined,
  'user-agent': 'Mozilla/5.0 (Linux; Android 10; K) AppleWebKit/537.36 (KHTML, like Gecko) Chrome/131.0.0.0 Mobile Safari/537.36'
}
🔧 CORS: Origin allowed: https://privacy-demo-flame.vercel.app
🔧 CORS: Origin allowed: https://privacy-demo-flame.vercel.app
🔧 Request: POST /api/chat from origin: https://privacy-demo-flame.vercel.app
🔧 CORS Headers: {
  origin: 'https://privacy-demo-flame.vercel.app',
  'access-control-request-method': undefined,
  'access-control-request-headers': undefined,
  'user-agent': 'Mozilla/5.0 (Windows NT 10.0; Win64; x64) AppleWebKit/537.36 (KHTML, like Gecko) Chrome/132.0.0.0 Safari/537.36'
}
ℹ️ [2025-08-27T13:30:28.434Z][/api/chat][w6gzsa08] incoming params {
  hasMessage: true,
  step: 15,
  questionMode: true,
  isFinalQuestionFlag: false,
  followUpMode: true,
  currentQuestionProvided: true,
  predefinedCount: 0,
  sessionIdProvided: true,
  action: null
}
ℹ️ [2025-08-27T13:30:28.434Z][/api/chat][w6gzsa08] session ready { currentSessionId: 'metzqu857h6uycczme', prevLen: 0, newLen: 1 }
ℹ️ [2025-08-27T13:30:28.435Z][/api/chat][w6gzsa08] orchestrator state {
  phase: 'main',
  mainIdx: 0,
  qNow: 'Can you walk me through a specific time when you used AI before and during job interviews?',
  allowedActions: [
    'ASK_FOLLOWUP',
    'REQUEST_CLARIFY',
    'SUMMARIZE_QUESTION',
    'NEXT_QUESTION'
  ]
}
ℹ️ [2025-08-27T13:30:28.435Z][/api/chat][w6gzsa08] prompt stats {
  sysPromptLen: 1574,
  messagesCount: 2,
  lastUserPreview: 'It prepared me how to handle questions during the exercise. This happened by providing relevant answers during the inter'
}
🔧 CORS: Origin allowed: https://privacy-demo-flame.vercel.app
🔧 CORS: Origin allowed: https://privacy-demo-flame.vercel.app
🔧 Request: POST /api/chat from origin: https://privacy-demo-flame.vercel.app
🔧 CORS Headers: {
  origin: 'https://privacy-demo-flame.vercel.app',
  'access-control-request-method': undefined,
  'access-control-request-headers': undefined,
  'user-agent': 'Mozilla/5.0 (Windows NT 10.0; Win64; x64) AppleWebKit/537.36 (KHTML, like Gecko) Chrome/132.0.0.0 Safari/537.36'
}
ℹ️ [2025-08-27T13:31:03.207Z][/api/chat][kom7na0a] incoming params {
  hasMessage: true,
  step: 16,
  questionMode: true,
  isFinalQuestionFlag: false,
  followUpMode: true,
  currentQuestionProvided: true,
  predefinedCount: 0,
  sessionIdProvided: true,
  action: null
}
ℹ️ [2025-08-27T13:31:03.208Z][/api/chat][kom7na0a] session ready { currentSessionId: 'metzqu857h6uycczme', prevLen: 2, newLen: 3 }
ℹ️ [2025-08-27T13:31:03.208Z][/api/chat][kom7na0a] orchestrator state {
  phase: 'main',
  mainIdx: 0,
  qNow: 'Can you walk me through a specific time when you used AI before and during job interviews?',
  allowedActions: [
    'ASK_FOLLOWUP',
    'REQUEST_CLARIFY',
    'SUMMARIZE_QUESTION',
    'NEXT_QUESTION'
  ]
}
ℹ️ [2025-08-27T13:31:03.208Z][/api/chat][kom7na0a] prompt stats {
  sysPromptLen: 1574,
  messagesCount: 4,
  lastUserPreview: "I'm not comfortable with sharing the whole thing."
}
ℹ️ [2025-08-27T13:31:05.501Z][/api/chat][kom7na0a] executor completed {
  ms: 2293,
  aiResponsePreview: '{\n' +
    '  "action": "ASK_FOLLOWUP",\n' +
    '  "question_id": "CURRENT QUESTION",\n' +
    '  "utterance": "Of course, I appreciate your honesty. Would you feel comfortable sharing just a small part—maybe '
}
ℹ️ [2025-08-27T13:31:05.501Z][/api/chat][kom7na0a] executor parsed {
  action: 'ASK_FOLLOWUP',
  question_id: 'CURRENT QUESTION',
  utterance: 'Of course, I appreciate your honesty. Would you feel comfortable sharing just a small part—maybe one specific moment or example of how AI helped you answer a particular interview question?',
  notes: [ 'Participant is hesitant to share the full story.' ]
}
isFinalQuestionValue false
Audit Result (Follow-up Coverage): {"question_id":"Can you walk me through a specific time when you used AI before and during job interviews?","verdict":"REQUIRE_MORE","scores":null,"missing":["Q3_F1"],"notes":"None of the specific follow-up questions have been explicitly asked yet.","confidence":1,"followUpQuestions":["When exactly did you use AI around the interview timeline?"],"coverage_map":[{"id":"Q3_F1","covered":false,"evidence":""},{"id":"Q3_F2","covered":false,"evidence":""},{"id":"Q3_F3","covered":false,"evidence":""}],"next_followup":{"id":"Q3_F1","prompt":"When exactly did you use AI around the interview timeline?"},"shouldProceed":false,"reason":"None of the specific follow-up questions have been explicitly asked yet."}
🔍 Follow-up retrieval debug: {
  question: 'Can you walk me through a specific time when you u...',
  questionIndex: 0,
  followupsFound: 3,
  followupDetails: [
    { id: 'Q3_F1', prompt: 'When exactly did you use AI ar...' },
    { id: 'Q3_F2', prompt: 'Which AI tools did you use and...' },
    { id: 'Q3_F3', prompt: 'How did you use AI and what di...' }
  ]
}
🔍 Detected user reluctance/no-experience but auto-skip is DISABLED: {
  cause: 'refusal',
  reason: 'User explicitly refuses to share details about their experience.',
  question: 'Can you walk me through a specific time when you u...',
  action: 'Continue asking follow-ups anyway'
}
[coverage] {
  q: 'Can you walk me through a specific time when you u...',
  questionIndex: 0,
  totalFollowups: 3,
  followupIds: [ 'Q3_F1', 'Q3_F2', 'Q3_F3' ],
  covered: [],
  pending: [ 'Q3_F1', 'Q3_F2', 'Q3_F3' ],
  verdict: 'REQUIRE_MORE',
  auditCoverageMap: [
    { id: 'Q3_F1', covered: false, evidence: '' },
    { id: 'Q3_F2', covered: false, evidence: '' },
    { id: 'Q3_F3', covered: false, evidence: '' }
  ]
}
[poller] scanning (study=68adb0cb59d609257e432438)…
[poller] no new NO-CODE items (pulled: 20 )
🔧 CORS: Origin allowed: https://privacy-demo-flame.vercel.app
🔧 CORS: Origin allowed: https://privacy-demo-flame.vercel.app
🔧 Request: POST /api/chat from origin: https://privacy-demo-flame.vercel.app
🔧 CORS Headers: {
  origin: 'https://privacy-demo-flame.vercel.app',
  'access-control-request-method': undefined,
  'access-control-request-headers': undefined,
  'user-agent': 'Mozilla/5.0 (Windows NT 10.0; Win64; x64) AppleWebKit/537.36 (KHTML, like Gecko) Chrome/132.0.0.0 Safari/537.36'
}
ℹ️ [2025-08-27T13:32:28.175Z][/api/chat][ckbhlqyf] incoming params {
  hasMessage: true,
  step: 17,
  questionMode: true,
  isFinalQuestionFlag: false,
  followUpMode: true,
  currentQuestionProvided: true,
  predefinedCount: 0,
  sessionIdProvided: true,
  action: null
}
ℹ️ [2025-08-27T13:32:28.175Z][/api/chat][ckbhlqyf] session ready { currentSessionId: 'metzqu857h6uycczme', prevLen: 4, newLen: 5 }
ℹ️ [2025-08-27T13:32:28.175Z][/api/chat][ckbhlqyf] orchestrator state {
  phase: 'main',
  mainIdx: 0,
  qNow: 'Can you walk me through a specific time when you used AI before and during job interviews?',
  allowedActions: [
    'ASK_FOLLOWUP',
    'REQUEST_CLARIFY',
    'SUMMARIZE_QUESTION',
    'NEXT_QUESTION'
  ]
}
ℹ️ [2025-08-27T13:32:28.175Z][/api/chat][ckbhlqyf] prompt stats {
  sysPromptLen: 1574,
  messagesCount: 6,
  lastUserPreview: 'I used the AI tool a month ago. This was generally a tool a used to answer questions which seemed challenging.'
}
ℹ️ [2025-08-27T13:32:30.131Z][/api/chat][ckbhlqyf] executor completed {
  ms: 1955,
  aiResponsePreview: '{\n' +
    '  "action": "ASK_FOLLOWUP",\n' +
    '  "question_id": "Can you walk me through a specific time when you used AI before and during job interviews?",\n' +
    '  "utterance": "Thanks for sharing that'
}
ℹ️ [2025-08-27T13:32:30.131Z][/api/chat][ckbhlqyf] executor parsed {
  action: 'ASK_FOLLOWUP',
  question_id: 'Can you walk me through a specific time when you used AI before and during job interviews?',
  utterance: 'Thanks for sharing that! Could you describe one of the challenging questions you faced and how the AI helped you come up with an answer?',
  notes: [
    'Used AI tool a month ago',
    'Used AI for challenging interview questions'
  ]
}
isFinalQuestionValue false
🔍 Marking Q3_F1 as COVERED based on audit (2nd location)
Audit Result (Follow-up Coverage): {"question_id":"Can you walk me through a specific time when you used AI before and during job interviews?","verdict":"REQUIRE_MORE","scores":null,"missing":["Q3_F2"],"notes":"Only the timing follow-up has been explicitly asked and answered. The specific tools and tasks, as well as the impact, have not been directly asked.","confidence":0.95,"followUpQuestions":["Which AI tools did you use and for what tasks?"],"coverage_map":[{"id":"Q3_F1","covered":true,"evidence":"When exactly did you use AI around the interview timeline?"},{"id":"Q3_F2","covered":false,"evidence":""},{"id":"Q3_F3","covered":false,"evidence":""}],"next_followup":{"id":"Q3_F2","prompt":"Which AI tools did you use and for what tasks?"},"shouldProceed":false,"reason":"Only the timing follow-up has been explicitly asked and answered. The specific tools and tasks, as well as the impact, have not been directly asked."}
🔍 Follow-up retrieval debug: {
  question: 'Can you walk me through a specific time when you u...',
  questionIndex: 0,
  followupsFound: 3,
  followupDetails: [
    { id: 'Q3_F1', prompt: 'When exactly did you use AI ar...' },
    { id: 'Q3_F2', prompt: 'Which AI tools did you use and...' },
    { id: 'Q3_F3', prompt: 'How did you use AI and what di...' }
  ]
}
🔧 CORS: Origin allowed: https://privacy-demo-flame.vercel.app
🔧 CORS: Origin allowed: https://privacy-demo-flame.vercel.app
🔧 Request: POST /api/chat from origin: https://privacy-demo-flame.vercel.app
🔧 CORS Headers: {
  origin: 'https://privacy-demo-flame.vercel.app',
  'access-control-request-method': undefined,
  'access-control-request-headers': undefined,
  'user-agent': 'Mozilla/5.0 (Windows NT 10.0; Win64; x64) AppleWebKit/537.36 (KHTML, like Gecko) Chrome/132.0.0.0 Safari/537.36'
}
ℹ️ [2025-08-27T13:32:33.279Z][/api/chat][vcprw4ie] incoming params {
  hasMessage: true,
  step: 15,
  questionMode: true,
  isFinalQuestionFlag: false,
  followUpMode: true,
  currentQuestionProvided: true,
  predefinedCount: 0,
  sessionIdProvided: true,
  action: null
}
ℹ️ [2025-08-27T13:32:33.279Z][/api/chat][vcprw4ie] session ready { currentSessionId: 'metzf9ialvzxp11621', prevLen: 0, newLen: 1 }
ℹ️ [2025-08-27T13:32:33.279Z][/api/chat][vcprw4ie] orchestrator state {
  phase: 'main',
  mainIdx: 0,
  qNow: "I'd love to hear about your current work and how you got into it by job interviews?",
  allowedActions: [
    'ASK_FOLLOWUP',
    'REQUEST_CLARIFY',
    'SUMMARIZE_QUESTION',
    'NEXT_QUESTION'
  ]
}
ℹ️ [2025-08-27T13:32:33.279Z][/api/chat][vcprw4ie] prompt stats {
  sysPromptLen: 1574,
  messagesCount: 2,
  lastUserPreview: 'I began my current job 8 years ago, June 2017. I had both interviews May, 2017 and was given the employment the followin'
}
[coverage] {
  q: 'Can you walk me through a specific time when you u...',
  questionIndex: 0,
  totalFollowups: 3,
  followupIds: [ 'Q3_F1', 'Q3_F2', 'Q3_F3' ],
  covered: [ 'Q3_F1' ],
  pending: [ 'Q3_F2', 'Q3_F3' ],
  verdict: 'REQUIRE_MORE',
  auditCoverageMap: [
    {
      id: 'Q3_F1',
      covered: true,
      evidence: 'When exactly did you use AI around the interview timeline?'
    },
    { id: 'Q3_F2', covered: false, evidence: '' },
    { id: 'Q3_F3', covered: false, evidence: '' }
  ]
}
🔧 CORS: Origin allowed: https://privacy-demo-flame.vercel.app
🔧 CORS: Origin allowed: https://privacy-demo-flame.vercel.app
🔧 Request: POST /api/upload-to-s3 from origin: https://privacy-demo-flame.vercel.app
🔧 CORS Headers: {
  origin: 'https://privacy-demo-flame.vercel.app',
  'access-control-request-method': undefined,
  'access-control-request-headers': undefined,
  'user-agent': 'Mozilla/5.0 (Windows NT 10.0; Win64; x64) AppleWebKit/537.36 (KHTML, like Gecko) Chrome/132.0.0.0 Safari/537.36'
}
🔒 Consent not given - replacing conversation logs with placeholders
✅ Uploaded exports/Partial_2025-08-27T13-32-49-844Z_67bcdb18c5a07dca6589a461_featured_Ignored.json (Mode: featured, PID: 67bcdb18c5a07dca6589a461)
↪︎ Legacy copy skipped (not-nocode)
🔧 CORS: Origin allowed: https://privacy-demo-flame.vercel.app
🔧 CORS: Origin allowed: https://privacy-demo-flame.vercel.app
🔧 Request: POST /api/chat from origin: https://privacy-demo-flame.vercel.app
🔧 CORS Headers: {
  origin: 'https://privacy-demo-flame.vercel.app',
  'access-control-request-method': undefined,
  'access-control-request-headers': undefined,
  'user-agent': 'Mozilla/5.0 (Windows NT 10.0; Win64; x64) AppleWebKit/537.36 (KHTML, like Gecko) Chrome/132.0.0.0 Safari/537.36'
}
ℹ️ [2025-08-27T13:33:07.377Z][/api/chat][aiqwl3v3] incoming params {
  hasMessage: true,
  step: 18,
  questionMode: true,
  isFinalQuestionFlag: false,
  followUpMode: true,
  currentQuestionProvided: true,
  predefinedCount: 0,
  sessionIdProvided: true,
  action: null
}
ℹ️ [2025-08-27T13:33:07.377Z][/api/chat][aiqwl3v3] session ready { currentSessionId: 'metzqu857h6uycczme', prevLen: 6, newLen: 7 }
ℹ️ [2025-08-27T13:33:07.377Z][/api/chat][aiqwl3v3] orchestrator state {
  phase: 'main',
  mainIdx: 0,
  qNow: 'Can you walk me through a specific time when you used AI before and during job interviews?',
  allowedActions: [
    'ASK_FOLLOWUP',
    'REQUEST_CLARIFY',
    'SUMMARIZE_QUESTION',
    'NEXT_QUESTION'
  ]
}
ℹ️ [2025-08-27T13:33:07.377Z][/api/chat][aiqwl3v3] prompt stats {
  sysPromptLen: 1574,
  messagesCount: 8,
  lastUserPreview: 'I used ChatGPT to answer questions.'
}
ℹ️ [2025-08-27T13:33:08.705Z][/api/chat][aiqwl3v3] executor completed {
  ms: 1328,
  aiResponsePreview: 'That’s helpful, thank you. Could you describe a specific interview question you found challenging, and how you used ChatGPT to help you prepare or respond to it? For example, did y'
}
⚠️ [2025-08-27T13:33:08.705Z][/api/chat][aiqwl3v3] executor output not JSON; using raw text
isFinalQuestionValue false
🔍 Marking Q3_F1 as COVERED based on audit (2nd location)
🔍 Marking Q3_F2 as COVERED based on audit (2nd location)
Audit Result (Follow-up Coverage): {"question_id":"Can you walk me through a specific time when you used AI before and during job interviews?","verdict":"REQUIRE_MORE","scores":null,"missing":["Q3_F3"],"notes":"The assistant has asked about timing and tools/tasks, but has not yet directly asked how the AI was used and what difference it made.","confidence":1,"followUpQuestions":["How did you use AI and what difference did it make?"],"coverage_map":[{"id":"Q3_F1","covered":true,"evidence":"When exactly did you use AI around the interview timeline?"},{"id":"Q3_F2","covered":true,"evidence":"Which AI tools did you use and for what tasks?"},{"id":"Q3_F3","covered":false,"evidence":""}],"next_followup":{"id":"Q3_F3","prompt":"How did you use AI and what difference did it make?"},"shouldProceed":false,"reason":"The assistant has asked about timing and tools/tasks, but has not yet directly asked how the AI was used and what difference it made."}
🔍 Follow-up retrieval debug: {
  question: 'Can you walk me through a specific time when you u...',
  questionIndex: 0,
  followupsFound: 3,
  followupDetails: [
    { id: 'Q3_F1', prompt: 'When exactly did you use AI ar...' },
    { id: 'Q3_F2', prompt: 'Which AI tools did you use and...' },
    { id: 'Q3_F3', prompt: 'How did you use AI and what di...' }
  ]
}
[coverage] {
  q: 'Can you walk me through a specific time when you u...',
  questionIndex: 0,
  totalFollowups: 3,
  followupIds: [ 'Q3_F1', 'Q3_F2', 'Q3_F3' ],
  covered: [ 'Q3_F1', 'Q3_F2' ],
  pending: [ 'Q3_F3' ],
  verdict: 'REQUIRE_MORE',
  auditCoverageMap: [
    {
      id: 'Q3_F1',
      covered: true,
      evidence: 'When exactly did you use AI around the interview timeline?'
    },
    {
      id: 'Q3_F2',
      covered: true,
      evidence: 'Which AI tools did you use and for what tasks?'
    },
    { id: 'Q3_F3', covered: false, evidence: '' }
  ]
}
🔧 CORS: Origin allowed: https://privacy-demo-flame.vercel.app
🔧 CORS: Origin allowed: https://privacy-demo-flame.vercel.app
🔧 Request: POST /api/chat from origin: https://privacy-demo-flame.vercel.app
🔧 CORS Headers: {
  origin: 'https://privacy-demo-flame.vercel.app',
  'access-control-request-method': undefined,
  'access-control-request-headers': undefined,
  'user-agent': 'Mozilla/5.0 (Windows NT 10.0; Win64; x64) AppleWebKit/537.36 (KHTML, like Gecko) Chrome/132.0.0.0 Safari/537.36'
}
ℹ️ [2025-08-27T13:34:04.580Z][/api/chat][r6a71tw2] incoming params {
  hasMessage: true,
  step: 19,
  questionMode: true,
  isFinalQuestionFlag: false,
  followUpMode: true,
  currentQuestionProvided: true,
  predefinedCount: 0,
  sessionIdProvided: true,
  action: null
}
ℹ️ [2025-08-27T13:34:04.580Z][/api/chat][r6a71tw2] session ready { currentSessionId: 'metzqu857h6uycczme', prevLen: 8, newLen: 9 }
ℹ️ [2025-08-27T13:34:04.580Z][/api/chat][r6a71tw2] orchestrator state {
  phase: 'main',
  mainIdx: 0,
  qNow: 'Can you walk me through a specific time when you used AI before and during job interviews?',
  allowedActions: [
    'ASK_FOLLOWUP',
    'REQUEST_CLARIFY',
    'SUMMARIZE_QUESTION',
    'NEXT_QUESTION'
  ]
}
ℹ️ [2025-08-27T13:34:04.580Z][/api/chat][r6a71tw2] prompt stats {
  sysPromptLen: 1574,
  messagesCount: 10,
  lastUserPreview: 'The tool helped me prepare exffectively and also boosted my confidence in approaching different questions.'
}
ℹ️ [2025-08-27T13:34:06.008Z][/api/chat][r6a71tw2] executor completed {
  ms: 1428,
  aiResponsePreview: 'That’s helpful, thank you. Could you describe a specific question or scenario where ChatGPT’s help made a noticeable difference for you—maybe a tough question you practiced or a mo'
}
isFinalQuestionValue false
⚠️ [2025-08-27T13:34:06.008Z][/api/chat][r6a71tw2] executor output not JSON; using raw text
🔍 Marking Q3_F1 as COVERED based on audit (2nd location)
🔍 Marking Q3_F2 as COVERED based on audit (2nd location)
🔍 Marking Q3_F3 as COVERED based on audit (2nd location)
Audit Result (Follow-up Coverage): {"question_id":"Can you walk me through a specific time when you used AI before and during job interviews?","verdict":"ALLOW_NEXT_QUESTION","scores":null,"missing":[],"notes":"All required follow-ups were explicitly asked and answered.","confidence":1,"followUpQuestions":null,"coverage_map":[{"id":"Q3_F1","covered":true,"evidence":"When exactly did you use AI around the interview timeline?"},{"id":"Q3_F2","covered":true,"evidence":"Which AI tools did you use and for what tasks?"},{"id":"Q3_F3","covered":true,"evidence":"How did you use AI and what difference did it make?"}],"next_followup":null,"shouldProceed":true,"reason":"All required follow-ups were explicitly asked and answered."}
🔍 Follow-up retrieval debug: {
  question: 'Can you walk me through a specific time when you u...',
  questionIndex: 0,
  followupsFound: 3,
  followupDetails: [
    { id: 'Q3_F1', prompt: 'When exactly did you use AI ar...' },
    { id: 'Q3_F2', prompt: 'Which AI tools did you use and...' },
    { id: 'Q3_F3', prompt: 'How did you use AI and what di...' }
  ]
}
[coverage] {
  q: 'Can you walk me through a specific time when you u...',
  questionIndex: 0,
  totalFollowups: 3,
  followupIds: [ 'Q3_F1', 'Q3_F2', 'Q3_F3' ],
  covered: [ 'Q3_F1', 'Q3_F2', 'Q3_F3' ],
  pending: [],
  verdict: 'ALLOW_NEXT_QUESTION',
  auditCoverageMap: [
    {
      id: 'Q3_F1',
      covered: true,
      evidence: 'When exactly did you use AI around the interview timeline?'
    },
    {
      id: 'Q3_F2',
      covered: true,
      evidence: 'Which AI tools did you use and for what tasks?'
    },
    {
      id: 'Q3_F3',
      covered: true,
      evidence: 'How did you use AI and what difference did it make?'
    }
  ]
}
Question Presence Audit Result: {"hasQuestion":false,"reason":"no question in follow-up mode","confidence":1,"shouldRegenerate":true}
ℹ️ [2025-08-27T13:34:09.492Z][/api/chat][r6a71tw2] presence audit {
  ms: 804,
  hasQuestion: false,
  shouldRegenerate: true,
  reason: 'no question in follow-up mode',
  confidence: 1
}
ℹ️ [2025-08-27T13:34:10.770Z][/api/chat][r6a71tw2] regenerated response used {
  ms: 1278,
  aiResponsePreview: 'Can you share a specific example of a challenging interview question you practiced with ChatGPT and explain how that preparation influenced your actual intervie'
}
🔍 shouldAdvance check: {
  phase: 'main',
  mainIdx: 0,
  completionAuditVerdict: 'ALLOW_NEXT_QUESTION',
  hasSession: true,
  hasFollowupCoveredFn: true,
  questionPreview: 'Can you walk me through a specific time when you u...'
}
🔍 areAllFollowupsCovered results: {
  question: 'Can you walk me through a specific time when you u...',
  followupCount: 3,
  coverageResults: [
    { id: 'Q3_F1', covered: true },
    { id: 'Q3_F2', covered: true },
    { id: 'Q3_F3', covered: true }
  ],
  allCovered: true
}
🔍 Follow-up coverage check: {
  questionIndex: 0,
  allCovered: true,
  questionPreview: 'Can you walk me through a specific time when you u...'
}
ℹ️ [2025-08-27T13:34:12.026Z][/api/chat][r6a71tw2] main question advanced via audit {
  phase: 'main',
  mainIdx: 1,
  newAllowed: [
    'ASK_FOLLOWUP',
    'REQUEST_CLARIFY',
    'SUMMARIZE_QUESTION',
    'NEXT_QUESTION'
  ],
  nextQuestion: "I'd love to hear about your current work and how you got into it by job interviews?"
}
🔍 allowNextIfAuditPass check: {
  phase: 'main',
  mainIdx: 1,
  completionAuditVerdict: 'ALLOW_NEXT_QUESTION',
  wantsImmediateNext: true
}
ℹ️ [2025-08-27T13:34:12.026Z][/api/chat][r6a71tw2] finalize response {
  questionCompleted: true,
  usedRegenerate: true,
  usedPolish: false,
  responsePreview: 'Thanks—that helps. Next question:\n' +
    "I'd love to hear about your current work and how you got into it by job interviews?"
}
🔧 CORS: Origin allowed: https://privacy-demo-flame.vercel.app
🔧 CORS: Origin allowed: https://privacy-demo-flame.vercel.app
🔧 Request: POST /api/chat from origin: https://privacy-demo-flame.vercel.app
🔧 CORS Headers: {
  origin: 'https://privacy-demo-flame.vercel.app',
  'access-control-request-method': undefined,
  'access-control-request-headers': undefined,
  'user-agent': 'Mozilla/5.0 (Windows NT 10.0; Win64; x64) AppleWebKit/537.36 (KHTML, like Gecko) Chrome/132.0.0.0 Safari/537.36'
}
ℹ️ [2025-08-27T13:34:49.052Z][/api/chat][9km4gdtb] incoming params {
  hasMessage: true,
  step: 20,
  questionMode: true,
  isFinalQuestionFlag: false,
  followUpMode: true,
  currentQuestionProvided: true,
  predefinedCount: 0,
  sessionIdProvided: true,
  action: null
}
ℹ️ [2025-08-27T13:34:49.052Z][/api/chat][9km4gdtb] session ready { currentSessionId: 'metzqu857h6uycczme', prevLen: 10, newLen: 11 }
ℹ️ [2025-08-27T13:34:49.052Z][/api/chat][9km4gdtb] orchestrator state {
  phase: 'main',
  mainIdx: 1,
  qNow: 'Did you ever have a moment when using AI during your job search made you nervous — like it might cause a problem? Could you tell me about that? ',
  allowedActions: [ 'ASK_FOLLOWUP', 'REQUEST_CLARIFY' ]
}
ℹ️ [2025-08-27T13:34:49.052Z][/api/chat][9km4gdtb] prompt stats {
  sysPromptLen: 1539,
  messagesCount: 12,
  lastUserPreview: "I'm currently a manager at a financial institution."
}
ℹ️ [2025-08-27T13:34:50.971Z][/api/chat][9km4gdtb] executor completed {
  ms: 1919,
  aiResponsePreview: 'Great, thank you for sharing your role. Going back to your earlier experience: Did you ever feel nervous or worried that using ChatGPT during your job search or interview prep migh'
}
⚠️ [2025-08-27T13:34:50.971Z][/api/chat][9km4gdtb] executor output not JSON; using raw text
isFinalQuestionValue false
🔍 Marking Q4_F1 as COVERED based on audit (2nd location)
🔍 Marking Q4_F2 as COVERED based on audit (2nd location)
Audit Result (Follow-up Coverage): {"question_id":"Did you ever have a moment when using AI during your job search made you nervous — like it might cause a problem? Could you tell me about that?","verdict":"REQUIRE_MORE","scores":null,"missing":["Q4_F3"],"notes":"The assistant has already asked about timing and tools/tasks, but has not yet directly asked about the impact or whether it was an actual issue or just a worry.","confidence":1,"followUpQuestions":["Could you tell me more about what impact that had on you at the time? Was it an actual issue, or more of a worry?"],"coverage_map":[{"id":"Q4_F1","covered":true,"evidence":"When exactly did you use AI around the interview timeline? Any details you’re comfortable sharing about the timing would be helpful."},{"id":"Q4_F2","covered":true,"evidence":"Which AI tools did you use and for what tasks? To better understand your approach,"},{"id":"Q4_F3","covered":false,"evidence":""}],"next_followup":{"id":"Q4_F3","prompt":"Could you tell me more about what impact that had on you at the time? Was it an actual issue, or more of a worry?"},"shouldProceed":false,"reason":"The assistant has already asked about timing and tools/tasks, but has not yet directly asked about the impact or whether it was an actual issue or just a worry."}
🔍 Follow-up retrieval debug: {
  question: 'Did you ever have a moment when using AI during yo...',
  questionIndex: 1,
  followupsFound: 3,
  followupDetails: [
    { id: 'Q4_F1', prompt: 'Do you remember at what time t...' },
    { id: 'Q4_F2', prompt: 'Which AI tools did you use and...' },
    { id: 'Q4_F3', prompt: 'Could you tell me more about w...' }
  ]
}
🔍 Detected user reluctance/no-experience but auto-skip is DISABLED: {
  cause: 'no_experience',
  reason: 'User has not shared any specific experience related to feeling nervous about using AI during their job search.',
  question: 'Did you ever have a moment when using AI during yo...',
  action: 'Continue asking follow-ups anyway'
}
[coverage] {
  q: 'Did you ever have a moment when using AI during yo...',
  questionIndex: 1,
  totalFollowups: 3,
  followupIds: [ 'Q4_F1', 'Q4_F2', 'Q4_F3' ],
  covered: [ 'Q4_F1', 'Q4_F2' ],
  pending: [ 'Q4_F3' ],
  verdict: 'REQUIRE_MORE',
  auditCoverageMap: [
    {
      id: 'Q4_F1',
      covered: true,
      evidence: 'When exactly did you use AI around the interview timeline? Any details you’re comfortable sharing about the timing would be helpful.'
    },
    {
      id: 'Q4_F2',
      covered: true,
      evidence: 'Which AI tools did you use and for what tasks? To better understand your approach,'
    },
    { id: 'Q4_F3', covered: false, evidence: '' }
  ]
}
🔧 CORS: Origin allowed: https://privacy-demo-flame.vercel.app
🔧 CORS: Origin allowed: https://privacy-demo-flame.vercel.app
🔧 Request: POST /api/chat from origin: https://privacy-demo-flame.vercel.app
🔧 CORS Headers: {
  origin: 'https://privacy-demo-flame.vercel.app',
  'access-control-request-method': undefined,
  'access-control-request-headers': undefined,
  'user-agent': 'Mozilla/5.0 (Windows NT 10.0; Win64; x64) AppleWebKit/537.36 (KHTML, like Gecko) Chrome/132.0.0.0 Safari/537.36'
}
ℹ️ [2025-08-27T13:35:43.480Z][/api/chat][aqzxweda] incoming params {
  hasMessage: true,
  step: 21,
  questionMode: true,
  isFinalQuestionFlag: false,
  followUpMode: true,
  currentQuestionProvided: true,
  predefinedCount: 0,
  sessionIdProvided: true,
  action: null
}
ℹ️ [2025-08-27T13:35:43.480Z][/api/chat][aqzxweda] session ready { currentSessionId: 'metzqu857h6uycczme', prevLen: 12, newLen: 13 }
ℹ️ [2025-08-27T13:35:43.480Z][/api/chat][aqzxweda] orchestrator state {
  phase: 'main',
  mainIdx: 1,
  qNow: 'Did you ever have a moment when using AI during your job search made you nervous — like it might cause a problem? Could you tell me about that? ',
  allowedActions: [ 'ASK_FOLLOWUP', 'REQUEST_CLARIFY' ]
}
ℹ️ [2025-08-27T13:35:43.480Z][/api/chat][aqzxweda] prompt stats {
  sysPromptLen: 1539,
  messagesCount: 14,
  lastUserPreview: 'I currently use AI tools to complete tasks rather than interviews.'
}
ℹ️ [2025-08-27T13:35:45.206Z][/api/chat][aqzxweda] executor completed {
  ms: 1726,
  aiResponsePreview: 'Thank you for clarifying. Going back to your earlier interview experience—when you used ChatGPT to help answer challenging questions—did you ever feel nervous that using AI might c'
}
isFinalQuestionValue false
⚠️ [2025-08-27T13:35:45.207Z][/api/chat][aqzxweda] executor output not JSON; using raw text
🔍 Marking Q4_F1 as COVERED based on audit (2nd location)
🔍 Marking Q4_F2 as COVERED based on audit (2nd location)
🔍 Marking Q4_F3 as COVERED based on audit (2nd location)
Audit Result (Follow-up Coverage): {"question_id":"Did you ever have a moment when using AI during your job search made you nervous — like it might cause a problem? Could you tell me about that?","verdict":"ALLOW_NEXT_QUESTION","scores":null,"missing":[],"notes":"All required follow-ups were explicitly asked and answered.","confidence":1,"followUpQuestions":null,"coverage_map":[{"id":"Q4_F1","covered":true,"evidence":"When exactly did you use AI around the interview timeline? Any details you’re comfortable sharing about the timing would be helpful."},{"id":"Q4_F2","covered":true,"evidence":"Which AI tools did you use and for what tasks?"},{"id":"Q4_F3","covered":true,"evidence":"Could you tell me more about what impact that had on you at the time? Was it an actual issue, or more of a worry?"}],"next_followup":null,"shouldProceed":true,"reason":"All required follow-ups were explicitly asked and answered."}
🔍 Follow-up retrieval debug: {
  question: 'Did you ever have a moment when using AI during yo...',
  questionIndex: 1,
  followupsFound: 3,
  followupDetails: [
    { id: 'Q4_F1', prompt: 'Do you remember at what time t...' },
    { id: 'Q4_F2', prompt: 'Which AI tools did you use and...' },
    { id: 'Q4_F3', prompt: 'Could you tell me more about w...' }
  ]
}
🔍 Detected user reluctance/no-experience but auto-skip is DISABLED: {
  cause: 'no_experience',
  reason: 'User does not have relevant personal experience to share regarding nervousness during job search with AI.',
  question: 'Did you ever have a moment when using AI during yo...',
  action: 'Continue asking follow-ups anyway'
}
[coverage] {
  q: 'Did you ever have a moment when using AI during yo...',
  questionIndex: 1,
  totalFollowups: 3,
  followupIds: [ 'Q4_F1', 'Q4_F2', 'Q4_F3' ],
  covered: [ 'Q4_F1', 'Q4_F2', 'Q4_F3' ],
  pending: [],
  verdict: 'ALLOW_NEXT_QUESTION',
  auditCoverageMap: [
    {
      id: 'Q4_F1',
      covered: true,
      evidence: 'When exactly did you use AI around the interview timeline? Any details you’re comfortable sharing about the timing would be helpful.'
    },
    {
      id: 'Q4_F2',
      covered: true,
      evidence: 'Which AI tools did you use and for what tasks?'
    },
    {
      id: 'Q4_F3',
      covered: true,
      evidence: 'Could you tell me more about what impact that had on you at the time? Was it an actual issue, or more of a worry?'
    }
  ]
}
Question Presence Audit Result: {"hasQuestion":false,"reason":"no question in follow-up mode","confidence":1,"shouldRegenerate":true}
ℹ️ [2025-08-27T13:35:51.446Z][/api/chat][aqzxweda] presence audit {
  ms: 1081,
  hasQuestion: false,
  shouldRegenerate: true,
  reason: 'no question in follow-up mode',
  confidence: 1
}
ℹ️ [2025-08-27T13:35:52.967Z][/api/chat][aqzxweda] regenerated response used {
  ms: 1521,
  aiResponsePreview: 'Can you recall a specific time—such as a particular month or project—when using an AI tool like ChatGPT or Grammarly for work tasks made you worry about being f'
}
🔍 shouldAdvance check: {
  phase: 'main',
  mainIdx: 1,
  completionAuditVerdict: 'ALLOW_NEXT_QUESTION',
  hasSession: true,
  hasFollowupCoveredFn: true,
  questionPreview: 'Did you ever have a moment when using AI during yo...'
}
🔍 areAllFollowupsCovered results: {
  question: 'Did you ever have a moment when using AI during yo...',
  followupCount: 3,
  coverageResults: [
    { id: 'Q4_F1', covered: true },
    { id: 'Q4_F2', covered: true },
    { id: 'Q4_F3', covered: true }
  ],
  allCovered: true
}
🔍 Follow-up coverage check: {
  questionIndex: 1,
  allCovered: true,
  questionPreview: 'Did you ever have a moment when using AI during yo...'
}
ℹ️ [2025-08-27T13:35:54.409Z][/api/chat][aqzxweda] main question advanced via audit {
  phase: 'main',
  mainIdx: 2,
  newAllowed: [
    'ASK_FOLLOWUP',
    'REQUEST_CLARIFY',
    'SUMMARIZE_QUESTION',
    'NEXT_QUESTION'
  ],
  nextQuestion: 'Can you walk me through a specific time when you used AI before and during job interviews?'
}
🔍 allowNextIfAuditPass check: {
  phase: 'main',
  mainIdx: 2,
  completionAuditVerdict: 'ALLOW_NEXT_QUESTION',
  wantsImmediateNext: true
}
ℹ️ [2025-08-27T13:35:54.409Z][/api/chat][aqzxweda] finalize response {
  questionCompleted: true,
  usedRegenerate: true,
  usedPolish: false,
  responsePreview: 'Appreciate the detail. Next question:\n' +
    'Can you walk me through a specific time when you used AI before and during job interviews?'
}
🔧 CORS: Origin allowed: https://privacy-demo-flame.vercel.app
🔧 CORS: Origin allowed: https://privacy-demo-flame.vercel.app
🔧 Request: POST /api/upload-to-s3 from origin: https://privacy-demo-flame.vercel.app
🔧 CORS Headers: {
  origin: 'https://privacy-demo-flame.vercel.app',
  'access-control-request-method': undefined,
  'access-control-request-headers': undefined,
  'user-agent': 'Mozilla/5.0 (Windows NT 10.0; Win64; x64) AppleWebKit/537.36 (KHTML, like Gecko) Chrome/132.0.0.0 Safari/537.36'
}
🔒 Consent not given - replacing conversation logs with placeholders
✅ Uploaded exports/Partial_2025-08-27T13-36-21-606Z_65c10fc4bfa12f9fbcfda656_Neutral_Ignored.json (Mode: Neutral, PID: 65c10fc4bfa12f9fbcfda656)
↪︎ Legacy copy skipped (not-nocode)
[poller] scanning (study=68adb0cb59d609257e432438)…
[poller] no new NO-CODE items (pulled: 20 )
[poller] scanning (study=68adb0cb59d609257e432438)…
[poller] no new NO-CODE items (pulled: 20 )
[poller] scanning (study=68adb0cb59d609257e432438)…
[poller] no new NO-CODE items (pulled: 20 )
🔧 CORS: Origin allowed: https://privacy-demo-flame.vercel.app
🔧 CORS: Origin allowed: https://privacy-demo-flame.vercel.app
🔧 CORS: Origin allowed: https://privacy-demo-flame.vercel.app
🔧 Request: POST /api/study/allocate from origin: https://privacy-demo-flame.vercel.app
🔧 CORS Headers: {
  origin: 'https://privacy-demo-flame.vercel.app',
  'access-control-request-method': undefined,
  'access-control-request-headers': undefined,
  'user-agent': 'Mozilla/5.0 (X11; CrOS x86_64 14816.131.0) AppleWebKit/537.36 (KHTML, like Gecko) Chrome/103.0.0.0 Safari/537.36'
}
🔧 CORS: Origin allowed: https://privacy-demo-flame.vercel.app
🔧 Request: POST /api/prolific/start from origin: https://privacy-demo-flame.vercel.app
🔧 CORS Headers: {
  origin: 'https://privacy-demo-flame.vercel.app',
  'access-control-request-method': undefined,
  'access-control-request-headers': undefined,
  'user-agent': 'Mozilla/5.0 (X11; CrOS x86_64 14816.131.0) AppleWebKit/537.36 (KHTML, like Gecko) Chrome/103.0.0.0 Safari/537.36'
}
🔧 CORS: Origin allowed: https://privacy-demo-flame.vercel.app
🔧 CORS: Origin allowed: https://privacy-demo-flame.vercel.app
🔧 Request: POST /api/reset from origin: https://privacy-demo-flame.vercel.app
🔧 CORS Headers: {
  origin: 'https://privacy-demo-flame.vercel.app',
  'access-control-request-method': undefined,
  'access-control-request-headers': undefined,
  'user-agent': 'Mozilla/5.0 (X11; CrOS x86_64 14816.131.0) AppleWebKit/537.36 (KHTML, like Gecko) Chrome/103.0.0.0 Safari/537.36'
}
Reset all sessions
🔧 CORS: Origin allowed: https://privacy-demo-flame.vercel.app
🔧 Request: GET /api/config from origin: https://privacy-demo-flame.vercel.app
🔧 CORS Headers: {
  origin: 'https://privacy-demo-flame.vercel.app',
  'access-control-request-method': undefined,
  'access-control-request-headers': undefined,
  'user-agent': 'Mozilla/5.0 (X11; CrOS x86_64 14816.131.0) AppleWebKit/537.36 (KHTML, like Gecko) Chrome/103.0.0.0 Safari/537.36'
}
🔧 CORS: Origin allowed: https://privacy-demo-flame.vercel.app
🔧 Request: GET /api/predefined_questions/neutral from origin: https://privacy-demo-flame.vercel.app
🔧 CORS Headers: {
  origin: 'https://privacy-demo-flame.vercel.app',
  'access-control-request-method': undefined,
  'access-control-request-headers': undefined,
  'user-agent': 'Mozilla/5.0 (X11; CrOS x86_64 14816.131.0) AppleWebKit/537.36 (KHTML, like Gecko) Chrome/103.0.0.0 Safari/537.36'
}
🔧 CORS: Origin allowed: https://privacy-demo-flame.vercel.app
🔧 Request: POST /api/prolific/start from origin: https://privacy-demo-flame.vercel.app
🔧 CORS Headers: {
  origin: 'https://privacy-demo-flame.vercel.app',
  'access-control-request-method': undefined,
  'access-control-request-headers': undefined,
  'user-agent': 'Mozilla/5.0 (X11; CrOS x86_64 14816.131.0) AppleWebKit/537.36 (KHTML, like Gecko) Chrome/103.0.0.0 Safari/537.36'
}
🔧 CORS: Origin allowed: https://privacy-demo-flame.vercel.app
🔧 CORS: Origin allowed: https://privacy-demo-flame.vercel.app
🔧 Request: POST /api/chat from origin: https://privacy-demo-flame.vercel.app
🔧 CORS Headers: {
  origin: 'https://privacy-demo-flame.vercel.app',
  'access-control-request-method': undefined,
  'access-control-request-headers': undefined,
  'user-agent': 'Mozilla/5.0 (X11; CrOS x86_64 14816.131.0) AppleWebKit/537.36 (KHTML, like Gecko) Chrome/103.0.0.0 Safari/537.36'
}
ℹ️ [2025-08-27T13:48:28.735Z][/api/chat][n9kmj5xt] incoming params {
  hasMessage: true,
  step: 0,
  questionMode: true,
  isFinalQuestionFlag: false,
  followUpMode: true,
  currentQuestionProvided: false,
  predefinedCount: 0,
  sessionIdProvided: true,
  action: 'START_QUESTION_MODE'
}
ℹ️ [2025-08-27T13:48:28.735Z][/api/chat][n9kmj5xt] handling START_QUESTION_MODE action
[poller] scanning (study=68adb0cb59d609257e432438)…
[poller] found 1 items to autosave (nocode=0, coded=0, mode=force-all)
🔧 CORS: Request with no origin, allowing
🔧 Request: POST /api/upload-to-s3 from origin: undefined
🔧 CORS Headers: {
  origin: undefined,
  'access-control-request-method': undefined,
  'access-control-request-headers': undefined,
  'user-agent': 'node'
}
✅ Uploaded exports/complete/68af0b2ae2ee95d6043f559b.json (Mode: featured, PID: 67193faab4dac3bad64adb5d)